一真	1
一纳	1
一青窈	1
一鸣	1
柴蔚	1
柿原徹也	1
栗梅	1
格南德特	1
丁丹梁	1
丁乃筝	1
格拉夫	1
丁佳明	1
丁健华	1
丁克拉奇	1
格拉德斯通	1
丁凯	1
格拉翰	1
格桑央宗	1
格洛瓦茨基	1
格莱宾	1
丁嘉林	1
格莱尼斯	1
丁威	1
格蕾斯	1
丁子烁	1
格里芬	1
格雷戈里	1
丁巧唯	1
格鲁布斯	1
桂宝	1
桑平	1
丁怡瑱	1
桑德森	1
桑斯芮	1
梁Ken	1
梁仕平	1
丁晟	1
丁杨	1
梁健平	1
丁桂琴	1
梁克逊	1
梁子	1
丁汇宇	1
丁海军	1
梁存英	1
丁海桐	1
丁溪鹤	1
梁宇聪	1
丁艺	1
梁家树	1
丁莹	1
丁雨	1
梁家豪	1
梁小熊	1
梁展峰	1
梁岩	1
万琼	1
梁庭瑜	1
万芳	1
梁思浩	1
万薇	1
万里	1
三宅尚子	1
三木旦	1
梁政珏	1
梁文道	1
三浦贵大	1
三田佳子	1
三田村恭伸	1
梁文音	1
梁新	1
上户彩	1
梁旋	1
不详	1
梁日豪	1
梁普智	1
梁有生	1
梁柏坚	1
东方骏	1
梁正群	1
丝凯	1
严丽祯	1
严佳茵	1
严俊熙	1
严励	1
严千千	1
梁汉威	1
梁浩	1
梁珍妮	1
严敏求	1
梁立人	1
严正岚	1
严浩	1
严秋华	1
严维莎	1
严羚	1
梁立文	1
严艺之	1
丫蛋	1
梁美琼	1
梁羽生	1
梁耀华	1
梁耀明	1
中文版	1
中本贤	1
中村幸子	1
梁舜燕	1
梁葆贞	1
中津真莉子	1
中野阳	1
丰崎爱生	1
丰春梅	1
丹增卓嘎	1
丹妮拉	1
梁达伟	1
梁醒波	1
梁钊峰	1
丹尼尔琴科	1
梁镜珂	1
梁雨恩	1
丹曼	1
丹波哲郎	1
丹耐夫正若	1
丽塔	1
丽纳	1
丽莎	1
丽萨	1
梁韻蕊	1
乃木涼介	1
乌吉穆	1
梁龙	1
乌库斯库拉	1
梅勒尼	1
乌特戈夫	1
梅尔吉	1
乌艾斯	1
乌雅心颜	1
乌鸟鸟	1
乐嘉	1
乐基儿	1
乐子龙	1
梅德拉诺	1
乐瞳	1
梅恩	1
乔万尼	1
梅文泽	1
梅斯特罗	1
梅格	1
梅海欣	1
乔凡尼	1
梅祖	1
梅赛黛斯	1
梦里	1
乔宝宝	1
乔尔	1
乔峰	1
森山祐子	1
森格	1
森森	1
乔林	1
森田则之	1
森碟	1
乔立生	1
乔笑笑	1
植敬雯	1
楚奇楚童	1
楚童	1
乙帅	1
九儿	1
九奇	1
楚镇	1
楼一安	1
楼佳悦	1
樊乃纲	1
于仁泰	1
于代军	1
樊健恩	1
于佳加	1
于军	1
樊其辉	1
于台烟	1
樊摩尔	1
于嘉萌	1
樊映彤	1
于婕	1
于婷婷	1
于宇昂	1
于寒	1
樊泳其	1
于小慧	1
于小澜	1
樊海明	1
于德先	1
于德江	1
于心怡	1
樊玲	1
于振寰	1
樊野	1
于新博	1
于明德	1
樱井孝宏	1
于林	1
次仁多布杰	1
于泉	1
欧倩如	1
欧克勤	1
于洪林	1
于洪淋	1
欧孟军	1
于淼海	1
于磊	1
于秀华	1
欧布莱恩	1
欧德科克	1
于紫菲	1
于纯绵	1
欧汉声	1
欧阳伦	1
于胜军	1
于芮	1
欧阳俊文	1
欧阳儒秋	1
于蓓蓓	1
欧阳奋强	1
欧阳泊辰	1
于越	1
武卿	1
于青斌	1
武洪武	1
武皓	1
云游	1
武锦华	1
云飞扬	1
亓亮	1
亓昊楠	1
武雪	1
五月	1
武鹏	1
段卿卿	1
段国云	1
井头爱海	1
井川遥	1
段昊晨	1
殷新	1
殷筱瑜	1
母华常隆	1
比尔克	1
毕啸岚	1
毕安生	1
亚历桑德罗	1
毕晓晨	1
毕畅	1
亚德里安	1
毕福剑	1
亚斯特罗	1
亚罗什	1
毕秀茹	1
毕罕	1
毕肖普	1
亨特切尔	1
亭雨	1
毕远晋	1
仁龙	1
仇云波	1
仇政	1
毛勒	1
付亨	1
付宇涵	1
毛协俊	1
付杰铭	1
付梅	1
毛威	1
付滃	1
毛学维	1
付静	1
毛毛虫	1
代少波	1
民警叔叔	1
代理村长	1
仰振华	1
民雄	1
水原碧衣	1
仲秋	1
水田山葵	1
任东远	1
任书瑶	1
江一萍	1
任佑明	1
任刚	1
任和	1
任山	1
任广平	1
任广智	1
任思鸿	1
任晗	1
任正彬	1
任正斌	1
江小鱼	1
江山	1
任浩铭	1
任添琪	1
任港秀	1
任珈锐	1
任祉妍	1
江岛	1
江平	1
江淑娜	1
江玲	1
江美琪	1
任长彬	1
江芷妮	1
江钰源	1
伊万德	1
江铠同	1
伊东美咲	1
江雨晨	1
江霞	1
伊俄努	1
伊内丝	1
江青霞	1
伊利亚娜	1
伊力奇	1
伊吉	1
江韵辉	1
江龙	1
池汉载	1
伊恩	1
伊戈尔	1
伊文斯	1
池程	1
汤哲天	1
伊斯滕	1
汤天绣	1
伊曼纽尔	1
汤尼	1
伊科	1
汤尼陈	1
伊芙	1
伊芳	1
伊莎贝拉	1
汤怡	1
伊莱亚斯	1
伊萨赫	1
伊薇特	1
汤普森	1
汤普琳	1
伊鲁山度	1
汤水雨	1
伍佰	1
汪启楠	1
伍元勋	1
伍冠峯	1
伍勇纳	1
汪婷婷	1
汪普则	1
汪涵	1
汪用桓	1
伍德雷	1
汪筠书	1
伍麟凯	1
沃尔科维奇	1
沃德	1
沃格特	1
伦佐早川	1
伦婉儿	1
伦纳德	1
伦阿兹	1
沃特金	1
沃纳	1
沈丽君	1
沈佳颖	1
伯斯汀	1
伯杰	1
沈军	1
沈劳	1
佐滕佳次	1
佐藤江梨子	1
沈墨	1
何世文	1
沈夕浓	1
沈威年	1
沈婵娟	1
何佩仪	1
沈孟生	1
沈慧芬	1
何佳	1
何俊洪	1
何健威	1
何冠男	1
何冠谊	1
沈晓海	1
沈智瑗	1
沈柯仪	1
何卓霖	1
沈柯心	1
沈桐	1
沈桦	1
沈泰	1
何子然	1
何季珊	1
何守义	1
何宝生	1
沈洁	1
何家勁	1
何家铧	1
沈玉琳	1
何延凤	1
何建曦	1
何志峰	1
何思慧	1
何振军	1
沈秋雨	1
何故	1
何文超	1
沈羿铨	1
何明翰	1
何春	1
沈陶然	1
沙全泽	1
沙奎尔	1
何柏光	1
何沛东	1
沙尔丹哈	1
沙巴诺尔	1
沙景昌	1
沙甫尔	1
沙莉	1
何浩鹏	1
何涛	1
沛小岚	1
何涴潆	1
何清桐	1
河国荣	1
何烈波	1
何琢言	1
何瑜	1
何瑾	1
何穗	1
何绮玲	1
河正祐	1
何苗	1
何英毅	1
泉品子	1
法伦	1
何超莲	1
何雨檬	1
法兰西丝卡	1
法尔克	1
佘南南	1
法米加	1
波多野結衣	1
余伟国	1
波多野裕介	1
余函弥	1
余华	1
余培喧	1
波尔	1
余婉妹	1
波恩	1
余宣	1
余家安	1
余家豪	1
余小翠	1
波拉克	1
余岱宗	1
波比	1
波肯	1
泰娜	1
余扬菲儿	1
泰格	1
泰维	1
泰迪羅賓	1
泽维尔	1
余浩瑞	1
洛伦佐	1
余瑛	1
洛佩兹	1
洛威	1
洛安	1
余英	1
洛巴兹	1
余雷	1
洛弗兰德	1
洛林斯	1
佟友琴	1
洛特	1
佟悦	1
洛维兹	1
佟瑞欣	1
津村和幸	1
佩克	1
佩兰	1
津田宽治	1
津田宽治等	1
佩奇	1
洪一平	1
洪伟良	1
洪倩	1
洪启文	1
佩斯	1
佩特	1
洪子涵	1
佩纳尔弗	1
佩蒂	1
佩里	1
佳妮娜	1
洪小英	1
洪小铃	1
洪展明	1
侯传杲	1
侯佩岑	1
侯凯	1
洪晃	1
洪涂	1
侯天来	1
侯姝	1
洪玲玲	1
洪石渊	1
侯怡君	1
侯炳莹	1
侯焕玲	1
洪胜德	1
洪言翔	1
侯茗皓	1
侯赛因	1
侯钧升	1
侯长荣	1
洪赐健	1
侯震	1
洪辰	1
保尔	1
派斯顿	1
保阪尚希	1
俞大陆	1
俞江	1
俞虹	1
浩角翔起	1
浪客秦昊	1
海伦	1
修庆	1
海伦娜	1
海俊杰	1
海内	1
海啸	1
海恩斯	1
海阳	1
海雷拉	1
倪春佳	1
倪晨曦	1
涂凌	1
涂彦倪	1
涂经纬	1
涅顿	1
涩川清彦	1
健子	1
傅丽莉	1
傅亨	1
傅伯棠	1
傅凌	1
傅华阳	1
涩谷天马	1
傅天骄	1
渡辺謙	1
傅家缘	1
温世韡	1
傅希如	1
温亚南	1
傅明宪	1
温斯顿	1
傅玉书	1
傅碧辉	1
傅舜盈	1
温明娜	1
傅芳玲	1
傅雷	1
温海波	1
温海涛	1
储毅	1
僧格仁钦	1
温淑如	1
温淑贤	1
元宝	1
温爱红	1
温玄煜	1
温瑞安	1
元振	1
温翠萍	1
光头	1
光头强	1
温金丽	1
克丽斯汀	1
克伦威尔	1
克利夫	1
克劳德	1
克劳斯	1
游乐儿	1
游君	1
克拉维兹	1
游学修	1
克洛伊	1
克洛斯	1
克洛科特	1
克罗宁	1
克罗尔	1
克罗斯	1
克罗斯比	1
游强	1
克耐普	1
湛琪清	1
源利华	1
克莱曼斯	1
滕子萱	1
滕梦乔	1
克莱顿	1
滕汝俊	1
克里斯托佛	1
滚当元	1
满岛真之介	1
滨田心音	1
克里斯特杨	1
克里斯琴	1
滾当元	1
漆亚灵	1
漠雁	1
潘丽彤	1
克雷蒙斯	1
潘亲御	1
潘妮拉	1
党同义	1
党昊	1
党淏瀚	1
全勇先	1
潘婕	1
潘怡	1
公方敏	1
潘时七	1
公熊	1
潘汉光	1
兰斯	1
兰普林	1
兰景林	1
潘江龙	1
兰江	1
兰玉珍	1
潘源良	1
潘玲玲	1
兰道尔	1
潘肖	1
关佩林	1
潘雅碧	1
关俊彦	1
潘鹏飞	1
关剑青	1
濑户早妃	1
关喆	1
濮方竹	1
瀨琳恩	1
关小平	1
火火	1
灰灰	1
关慧卿	1
关文硕	1
烨烨	1
热合曼	1
热合木吐拉	1
关根直树	1
焦婷	1
关欣	1
关永扬	1
焦媛	1
焦雄屏	1
关淑贞	1
关睿	1
焯匀	1
关维吉	1
关芝琳	1
熊二	1
熊大	1
冀书亥	1
内加	1
熊文夏	1
内尔森	1
熊晓雯	1
内芙	1
熊长贵	1
熬磊	1
冉天	1
冉旭	1
燕子	1
爱丽君	1
冢本高史	1
爱波	1
爱资哈尔	1
冯丹菊	1
片桐入	1
牛万鑫	1
牛浩霖	1
牟丛	1
特丽莎	1
冯国庆	1
特别出演	1
特拉万提	1
特拉诺瓦	1
特林伯	1
冯小宁	1
特玛拉	1
冯广进	1
特瑞	1
冯恩鹤	1
特雷弗	1
特雷莎	1
犬童一心	1
狄克鲁兹	1
冯瀚	1
冯玉玺	1
狄哲龙	1
狄玫	1
冯皓诗	1
狄菲菲	1
冯立刚	1
狐狸	1
狩人	1
独孤凤	1
冯蔚蘅	1
猪猪侠	1
猫女魔力	1
玉坦	1
冯静恩	1
玉山铁二	1
王一冰	1
王一惟	1
冷海铭	1
冷漠	1
冷福记	1
冷血动物	1
冼林煜	1
王一扬	1
王一琳	1
凌之浩	1
王东元	1
王中天	1
王中磊	1
王丹丹	1
凌琳	1
凌纾	1
凌蕴夷	1
凡尼尔	1
王丹宁	1
凯丽	1
王丹怡栗	1
王予嘉	1
王云辉	1
王云龙	1
王五胜	1
王亚为	1
凯特斯	1
凯瑟琳	1
凯莉	1
王亚彬	1
王亦蓝	1
刁成硕	1
刁成禹	1
切瑞	1
刈谷直治	1
列农	1
列维	1
列诺斯	1
刘一含	1
王伟平	1
王伟忠	1
王伟源	1
刘丽军	1
王伟男	1
刘乐思	1
刘九容	1
刘云	1
王伯昭	1
刘井清	1
王伯杰	1
王佑硕	1
王佳宁	1
王佳慧	1
王光裕	1
王克	1
王克勤	1
王克岭	1
刘伟明	1
王全安	1
王兴东	1
王冕	1
王冠	1
王剑风	1
刘兴盛	1
刘军	1
王力可	1
王劲	1
王北龙	1
王千友	1
刘冰	1
刘凌	1
王千航	1
王占明	1
王卫平	1
刘前程	1
王同乐	1
王咏歌	1
王哲元	1
王啸晓	1
刘华	1
刘卓灵	1
刘卓辉	1
刘占欣	1
王嘉嘉	1
王嘉韵	1
刘哲欣	1
刘喆莹	1
刘嘉亮	1
王培嘉	1
刘嘉艺	1
刘国昌	1
刘国楠	1
刘圆媛	1
刘圣博	1
刘大山	1
刘大木	1
王培祎	1
刘天兰	1
王壮壮	1
刘天阳	1
王大奇	1
刘妙	1
王夫棠	1
刘姝嫚	1
王妍	1
王婷仪	1
刘娟娟	1
刘婕	1
王媛媛	1
王子强	1
刘子千	1
王子昭	1
刘子蔚	1
刘子豪	1
王子桀	1
王子涵	1
王孝天	1
刘宇轩	1
王学仁	1
刘宏	1
刘宗勇	1
刘宝琳	1
王宁生	1
王宇婕	1
王宇媛	1
王宇腾	1
王宝江	1
王实	1
刘小乔	1
王寅申	1
刘小倩	1
刘小光	1
王将	1
王小凡	1
王小帅	1
刘小惠	1
王小海	1
王尔利	1
刘小翠	1
刘小薇	1
刘小虎	1
王山林	1
王峰	1
刘岳	1
王建军	1
王强	1
刘广宁	1
王强强	1
刘廷尧	1
刘引商	1
王彦霖	1
刘彦君	1
王德全	1
王德生	1
王心如	1
王志安	1
王志强	1
刘志刚	1
王思平	1
刘志荣	1
王怡东	1
刘忻	1
王悦	1
王惠	1
刘思乐	1
刘思博	1
刘思奇	1
刘思惠	1
刘恩佑	1
刘恩硕	1
王愚昌	1
王慎德	1
王慧	1
王憾尘	1
刘慧玲	1
刘慧茹	1
刘成金石	1
刘戴恩	1
王振威	1
刘承羽	1
刘挺	1
刘政	1
刘效国	1
刘敏涛	1
刘敬雯	1
王文兴	1
刘时雨	1
王文成	1
王文林	1
王新源	1
刘星禹	1
刘显达	1
王早来	1
刘晓东	1
王昂	1
刘晓培	1
王明哲	1
刘晓彤	1
王明晟	1
刘晓靓	1
刘晓鹏	1
刘晔	1
刘智堂	1
王明智	1
刘智满	1
刘智福	1
刘朵朵	1
刘杰	1
刘杰毅	1
王星城	1
刘林艳	1
刘枪枪	1
刘栋	1
刘树发	1
王春英	1
刘校姝	1
王昭	1
刘梓妍	1
刘樹发	1
王昱	1
王晓光	1
刘欲晓	1
刘歌	1
王晓凤	1
王晓忠	1
刘永奇	1
王晓晨	1
王晓风	1
王晔	1
王晖	1
刘泽	1
刘洁	1
王曈	1
刘洋阳	1
王有亮	1
王枫	1
王柯	1
王梓一	1
王梓尘	1
王梓清	1
王梓蘅	1
王梓诺	1
王梓谦	1
刘澍颖	1
王楠	1
刘燕瑾	1
刘燕生	1
王槊	1
王欣元	1
王正军	1
刘玉玺	1
王正平	1
刘玉茹	1
刘玥彤	1
刘琮	1
王水林	1
刘琸琪	1
王永强	1
刘瑞琪	1
王汉伦	1
刘申生	1
王沙	1
王沛	1
王治郅	1
王泓钦	1
王波	1
王泮	1
刘科	1
刘策	1
刘红	1
刘红芳	1
王洁实	1
王洪涛	1
刘继春	1
王浙滨	1
王海	1
王海燕	1
王海珍	1
王海飞	1
王涛	1
刘聪	1
刘自强	1
王润身	1
刘艺菲	1
刘节	1
王淏	1
王淑美	1
刘若瑶	1
王湘涵	1
刘荣惠	1
王炯	1
王炳彧	1
刘莹	1
王燕妮	1
王玉众	1
刘蔚然	1
王玉清	1
刘裕康	1
王玉环	1
刘谊	1
刘谚明	1
王玉珍	1
王玥	1
王玲玉	1
刘邦耀	1
刘邦邦	1
王瑞子	1
刘鑫	1
王璐	1
刘锐	1
刘锡明	1
王璐娓	1
王盈凯	1
王盼盼	1
王睿祥	1
刘长	1
刘长纯	1
刘陆	1
王礴	1
刘雅婷	1
王秋颖	1
刘雅英	1
刘雨柔	1
王立军	1
刘雨鑫	1
王立可	1
刘雪涛	1
王素云	1
王素珍	1
王紫伊	1
王紫硕	1
刘非	1
刘韦	1
王维湘	1
刘韬	1
刘音	1
刘頔	1
刘颖	1
刘香萍	1
刘馨萱	1
王美茜	1
刘鹏	1
王羽西	1
刚子	1
初国梁	1
王翊菲	1
王翔	1
利兰	1
利奥妮	1
王翰涛	1
利昂	1
王肖兵	1
利贝托	1
前田敦子	1
王胜利	1
王膺然	1
劉德華	1
王艺霖	1
加切夫	1
加布	1
加布里埃娜	1
王芝斌	1
加布里埃拉	1
加德	1
王芯	1
加护亚依	1
加斯	1
王若麟	1
王荣良	1
王莉雯	1
加洋加木错	1
王菁锳	1
加瑞特	1
加藤侑纪	1
加藤雅也	1
王萌悦	1
加里	1
动力火车	1
王萍	1
王蓝淇	1
王蕙玲	1
劳伦特	1
王衡	1
王讯	1
劳斯伯格	1
王译唯	1
勒努瓦	1
勒努齐	1
勒梅林	1
勒纳	1
王诗雅	1
王诗雯淇	1
王贤	1
包斯尔	1
包海龙	1
包蕾	1
王辉	1
北北	1
王进德	1
王连贵	1
王道	1
区永权	1
区瑞强	1
区颖良	1
王道南	1
王钟浩	1
千田爱纱	1
王钟超	1
华仲凯	1
王钧赫	1
王钰铃	1
华纳	1
卓予童	1
王镜冠	1
卓建荣	1
卓慧敏	1
王长玲	1
卓雅雯	1
王雅迪	1
单承矩	1
单晓帆	1
王雪洋	1
王震南	1
南红	1
王静婷	1
王韵壹	1
博汀	1
卜钰	1
卞于珉	1
卞宇民	1
卡伦	1
王飞飞	1
卡内	1
卡利索	1
王馨乐	1
王驰	1
卡子	1
卡尔	1
卡尔利	1
卡尔梅特	1
卡恩	1
卡扎科	1
王鲲鹏	1
卡斯帕	1
卡斯特罗	1
卡普肖	1
卡梅隆	1
王龙华	1
玛丽娜	1
玛利亚	1
卡瓦特	1
玛斯	1
卡耶	1
卡莉巴	1
卡蒂	1
卡蒂诺	1
卡西迪	1
卡诺夫斯基	1
卡赞	1
卢业媚	1
玛琪	1
卢俊	1
卢倩	1
玛芝	1
玛芭塔劳	1
玛西娅	1
玛赛特	1
珍嘉丽	1
珍妮	1
班克尔	1
卢小燕	1
卢峰	1
班尼特	1
卢广仲	1
卢庆福源	1
卢庆辉	1
班闯	1
卢怡榕	1
卢恒宇	1
理查德德	1
卢慧芝	1
卢敏仪	1
琢琢	1
卢永铿	1
瑛太	1
卢海鹰	1
瑞克	1
瑞吉娜	1
瑞安	1
卢玲	1
卢珊	1
卢璐	1
卢茜	1
瑞斯特鲁奇	1
卢誉文	1
卢达	1
卢达克里斯	1
卢迪	1
卢野	1
卢金城	1
瑪靡	1
卫肖	1
瑶淼	1
小黑	1
印质明	1
危笑	1
卷毛	1
甄咏蓓	1
厄恩斯特	1
甄妮	1
厉娜	1
甄子菁	1
甄民达	1
原宁	1
甘路	1
原文庆	1
原珺	1
原田大二郎	1
原田笃	1
甜甜	1
及珊	1
及莉	1
友情出演	1
友情客串	1
生活的音轨	1
古丁	1
古丽扎尔	1
古典	1
田东霖	1
田中丽奈	1
田园	1
田威虎	1
古孜丽努尔	1
古宇	1
田学维	1
古德昭	1
田少君	1
古扎丽努尔	1
田川洋行	1
田惠民	1
古月艺	1
田方	1
古格雷米	1
古田新太	1
田昊	1
古里奥	1
田晓梅	1
古铭瀚	1
田海蓉	1
田淼	1
田烈	1
田璐涵	1
田璐菡	1
史伟东	1
史依弘	1
史光辉	1
田甜	1
田甬	1
史原	1
田铭	1
史坦利	1
史堡华	1
史学刚	1
田锋	1
史崇仁	1
史戈	1
史梵希	1
田震	1
史淑桂	1
史玉林	1
史童绯	1
史耀中	1
田鹏	1
史莫德斯	1
由曦儿	1
申彩怡	1
申秋香	1
画神闲	1
史越	1
史迪迪	1
史高斯	1
病蛹	1
白丽	1
叶一茜	1
白伟民	1
叶亚璇	1
叶交珍	1
白健恩	1
白元吉	1
叶伟民	1
白先勇	1
叶倩	1
叶倩云	1
白凯南	1
白大均	1
白大钧	1
叶准	1
叶嘉欣	1
白文信	1
白景军	1
叶安婷	1
白桥大超	1
白玉林	1
叶庆林	1
白玉陵	1
白珊	1
叶新晨	1
叶昭	1
叶晖	1
叶景文	1
叶永青	1
叶清源	1
白百合	1
白羽	1
白芝颖	1
叶禾	1
白英宽	1
白金泊	1
叶维道	1
白金铂	1
叶良财	1
叶芳华	1
皮佳娜	1
皮埃尔泷	1
叶超	1
叶进	1
皮奥特	1
叶雅馨	1
皮瑞	1
皮蓬	1
叶靖岚	1
皱缇格	1
盖丝米	1
司徒颖霜	1
盖丽	1
盖吉利	1
司马燕	1
盖尔哈德	1
吉克阿优	1
盛冠森	1
吉吉	1
吉吉姐	1
盛贝娜	1
盛超	1
瞿澳晖	1
吉尔	1
吉尔伯特	1
矢部美穗	1
吉尔根	1
石仁茂	1
石兰	1
石咏莉	1
吉普林	1
吉村实子	1
吉村実子	1
吉杰	1
吉泽明步	1
吉田洁	1
吉硕	1
吉祥	1
石困困	1
吉约姆	1
吉莲	1
吉虹	1
吉雅西	1
石天欣	1
后海大鲨鱼	1
石存玉	1
石峄	1
石林	1
石玉宝	1
石田光	1
石知田	1
向学	1
向恬冉	1
向皓	1
向能	1
向飞	1
石英	1
吕一丁	1
吕世佳	1
祖锋	1
祝普恭	1
祝涛	1
吕克	1
吕华林	1
祝福	1
吕孔维	1
吕少玲	1
吕惠仪	1
祝贺	1
吕方	1
吕星辰	1
福乐克	1
福克沃斯	1
福兰尼	1
福地佑介	1
吕治霖	1
吕洁	1
福地祐介	1
福尔曼	1
福纳	1
吕琇菱	1
禹相典	1
吕立	1
禹黎朔	1
吕纬辰	1
吕经晨	1
吕绣菱	1
吕美特	1
禾子瑜	1
秀秀	1
吕萍	1
吕蓉	1
秋丽	1
秋天的虫子	1
秋山	1
吕齐	1
含笑	1
秋林仁	1
吳明才	1
吴世贞	1
吴业坤	1
吴业晗	1
科万	1
吴丽嫦	1
吴云初	1
吴云甫	1
科尔多瓦	1
科德罗	1
科恩	1
科拉克斯基	1
吴京桐	1
吴任远	1
科斯	1
吴佩孚	1
科斯勒	1
吴佩柔	1
吴佳尼	1
吴依琳	1
科比特	1
科泰斯	1
科菲尔德	1
吴健	1
吴健海	1
科贝特	1
秦光黔	1
吴兰辉	1
秦海燕	1
吴兵	1
秦舒培	1
程予希	1
吴军忱	1
吴冰滨	1
程亮	1
吴剑心	1
程依	1
程六一	1
程天赐	1
吴博	1
程守一	1
程小东	1
吴君祥	1
程小挑	1
吴启垒	1
吴喜千	1
吴嘉丽	1
吴嘉亮	1
吴嘉星	1
程小龙	1
吴回	1
吴国培	1
程峰	1
吴坚	1
程晓华	1
程晓桦	1
程树波	1
程梦儿	1
程森林	1
程正武	1
吴妍秀	1
吴娇	1
吴娜	1
吴婷	1
程皓枫	1
吴宇卫	1
程紫城	1
吴安雅	1
吴宏修	1
稻垣吾郎	1
穆怀鹏	1
吴家乐	1
穆牧	1
吴宸臣	1
穆迪	1
窦文涛	1
窦玉如	1
吴崇铭	1
吴庆哲	1
章伟刚	1
章海宁	1
章萍	1
童弟	1
童欣	1
吴彼	1
吴得水	1
童玲	1
童话	1
童谣	1
吴思远	1
吴恩旋	1
竹井乔治	1
吴承恩	1
竹內康	1
吴振宇	1
吴敬恒	1
竹內淳	1
竹内顺子	1
吴文辉	1
竹本孝之	1
竹灵	1
符冲	1
符晓薇	1
符玉晶	1
符钰晶	1
吴昱瑶	1
吴晓敏	1
简宏霖	1
简慧珍	1
吴曦	1
简美妍	1
简而清	1
吴楚	1
管新城	1
管新成	1
管晓杰	1
吴永伦	1
管艺	1
管虎	1
管西庆	1
吴海波	1
吴海燕	1
吴涛	1
吴淑琨	1
吴燕珊	1
吴燕菁	1
管越	1
吴珊珊	1
吴珏瑾	1
吴琴琴	1
箫炳林	1
篠原惠美	1
簡嫚書	1
吴秋花	1
吴秋莲	1
吴笑平	1
吴绣敏	1
吴绮莉	1
吴美珩	1
米兰妮	1
米切尔	1
吴育刚	1
吴艺璇	1
吴若甫	1
米多	1
米娃	1
米娅	1
米尔罗尼	1
米歇尔C	1
米洛斯	1
米特胡恩	1
吴雨致	1
米紫安	1
粱有忠	1
紀培慧	1
吴青芸	1
素珠	1
索姆斯	1
吴顺泰	1
索朗措	1
吴鲁生	1
呂秀菱	1
索洛明	1
周丽丽	1
索郎尼马	1
綦光	1
織田裕二	1
周伟彤	1
红果果	1
约尔根	1
周保平	1
约翰斯顿	1
周冬齐	1
周冰清	1
纪东歌	1
周凤凰	1
周凤山	1
周刍	1
周刚	1
周利书	1
纪欣妤	1
纪玲	1
纪蔚然	1
纯名理沙	1
纯名里沙	1
纳普	1
周国麟	1
纳特	1
周天宝	1
周天羽	1
组合	1
织田裕二	1
周娇	1
绍特	1
周媛媛	1
周子驹	1
绪方贤一	1
周宗印	1
维丝曼	1
周小敏	1
周小斌	1
维勒特	1
维妮	1
周幼婷	1
维尔森	1
周建军	1
维罗妮卡	1
周彪	1
维里沃	1
绿泡泡	1
编剧	1
缪世旋	1
缪世璇	1
罗东基	1
罗丝	1
罗乐基	1
周敦明	1
周敬峰	1
罗二羊	1
周文奕	1
罗伊	1
罗伟聪	1
罗伯森	1
罗伯特琳	1
罗伯碧亚	1
周智勇	1
罗光敏	1
罗刚	1
周末	1
周杰	1
罗善学	1
周林	1
罗大佑	1
周梓航	1
周梦蝶	1
罗天池	1
罗威	1
罗子乔	1
罗宾逊	1
罗异	1
周泳汐	1
罗彩萌	1
罗德里格斯	1
罗志星	1
罗拉	1
罗曼诺维奇	1
周瑞	1
周田田	1
周益伦	1
罗朋	1
罗浩	1
罗浩铭	1
罗灿然	1
罗玉娟	1
罗礼士	1
罗礼贤	1
罗立言	1
周绍栋	1
周美凤	1
罗能华	1
周翔	1
周聪	1
周艳平	1
周艺轩	1
周芷莹	1
周莉	1
周菁徕	1
周蕙	1
周蕾	1
罗自豪	1
周谷淳	1
周贤忠	1
罗萨蒂	1
周连科	1
罗诠浩	1
罗迎春	1
罗青浩	1
罗飞扬	1
羅浩楷	1
周雨冥	1
美术设计	1
羽田美智子	1
翁世杰	1
周骏	1
周骏超	1
翁佳妮	1
周鹏	1
呼延晓辉	1
翁倩玉	1
翁双杰	1
哆啦A梦	1
哆来咪	1
哈依德	1
翁家軒	1
翁家轩	1
翁杏兰	1
哈卡索	1
翁航融	1
翁艳	1
哈尔夫	1
哈尔西	1
哈弗斯	1
翟俊杰	1
哈德凯斯塔	1
翟星月	1
翟春华	1
翟红玉	1
翠茜	1
哈梅尔	1
老虎	1
老豹	1
考利森	1
耐米	1
哈维斯	1
哈芙	1
耿一	1
耿一智	1
耿彦波	1
哈里逊	1
唐一菲	1
耿立树	1
耿英埔	1
唐伟成	1
唐伯虎	1
聂华苓	1
唐加思	1
唐咏诗	1
聂子皓	1
唐大年	1
唐如韫	1
聂安达	1
聂盛杰	1
联袂出演	1
唐家豪	1
肖凯飞	1
肖勒娜依	1
肖博	1
肖尔	1
唐希信	1
唐广书	1
唐庭岁	1
肖慧芳	1
肖扬	1
唐昕	1
肖文阁	1
唐格特	1
唐梦娅	1
唐槐秋	1
唐沁	1
肖明玉	1
肖涵	1
唐炎灿	1
唐爱国	1
唐璐	1
肖红	1
唐立淇	1
肖逾榛	1
肖骁	1
肥龙	1
肯尼斯	1
唐艺兮	1
胖狗狗	1
胡东	1
唐菁	1
唐诗咏	1
唐贝诗	1
唐鉴军	1
唐静	1
唐黎	1
胡丹	1
胡光子	1
胡加	1
商忆莎	1
胡坚	1
商虹	1
喇英	1
喜大壮	1
喜子	1
胡天阳	1
胡婷婷	1
喻亢	1
喻小凤	1
喻小风	1
喻峰	1
胡宇崴	1
喻红	1
胡宗祥	1
嘉佳	1
嘉数由美	1
嘉熙	1
嘟嘟	1
四刀辉彰	1
四小凤	1
因巴尔	1
因德尔	1
国丽娜	1
国庆	1
国文学	1
胡家华	1
胡小培	1
胡小庭	1
胡小艮	1
胡山	1
图腾乐队	1
胡庆树	1
胡忆舟	1
圭代利	1
坂仓桂	1
坂本龙一	1
坎普	1
胡晓培	1
胡晓芳	1
坦东	1
坦迪	1
埃尔卡伊姆	1
胡朋	1
胡杰克	1
胡桑	1
埃德尔斯坦	1
埃文斯	1
胡河川	1
埃梅特	1
埃米特	1
埃米莉	1
埃迪	1
胡波	1
埃里克森	1
胡泽涛	1
培耶	1
胡海峰	1
胡益林	1
胡继光	1
基蒂	1
基辛格	1
胡续冬	1
胡茵梦	1
胡薇	1
胡轶珂	1
塔图	1
胡达威	1
塔布琳	1
塔拉	1
胡雪杨	1
胡龄萌	1
塔蒂安娜	1
塔蒂阿娜	1
塚本晋也	1
脸脸	1
塞巴斯蒂安	1
塞德里克	1
臧雨丝	1
臭屁坨	1
塞纳	1
舍曼	1
塞维尼	1
舍瓦尔姆	1
塞蕾娜	1
增山裕纪	1
舒伟烈	1
舒克	1
舒可文	1
舒高	1
夏佩杰	1
夏侯琪誉	1
艾东	1
夏力心	1
艾丽西娅	1
艾克罗伊德	1
艾博特	1
艾尔西亚	1
夏奎斌	1
夏子涵	1
夏宇童	1
艾尼	1
夏德俊	1
夏志卿	1
艾昂	1
艾晓琪	1
艾桑多	1
艾梦萌	1
夏洛特	1
夏洛蒂	1
夏炎	1
夏甜	1
艾森度	1
艾比	1
夏秉钧	1
夏至	1
夏至九尾狐	1
艾泽乐	1
夏铄铭	1
夏锦菊	1
艾玛努埃尔	1
夏雯	1
夏靖庭	1
艾略特	1
多多	1
多尔西	1
艾米拉	1
艾米特	1
艾荣恩	1
艾莉森	1
艾莉珊卓	1
艾莉雅	1
大力	1
艾菲恩	1
大原惠	1
艾迪生	1
大塚匡将	1
大宝	1
艾里奥特	1
芒果跑乐队	1
芒莱	1
芭斯卡科娃	1
芮木登	1
大文	1
大旺堆	1
花儿乐队	1
花太郎	1
花粥	1
大汪	1
大海	1
大谷育江	1
芳娜	1
大黄	1
芷玄	1
天宫真奈美	1
苌哲涛	1
天歌	1
苏东	1
失控妹	1
奇卡	1
苏丽珊	1
苏利文	1
奈丽	1
苏友邻	1
奈托	1
苏哲	1
奈特	1
奎松	1
苏子豪	1
苏子龙	1
奥兹	1
奥利弗瑞	1
奥利沃	1
苏小桐	1
奥古斯特	1
苏尚卿	1
苏志丹	1
奥多斯	1
奥密兹	1
奥尼尔	1
苏志豪	1
奥康内多	1
奥康内尔	1
奥康奈尔	1
奥廷宁	1
苏悦华	1
奥托	1
奥拉弗	1
奥拉弗森	1
奥拉维尔	1
奥提兹	1
苏文锦	1
奥玛	1
苏杏璇	1
苏查拉特	1
苏梅	1
奥莫斯	1
苏民	1
奥黛丽	1
妖孽	1
妞妞	1
苏炳宪	1
苏瑾	1
苏登扎木苏	1
苏秀	1
姆巴塔	1
苏耀宗	1
姚中仁	1
苏芒	1
苏菲	1
姚亦辰	1
姚侃	1
姚刚	1
苏遇	1
苏醒	1
姚嘉妮	1
苏雅维	1
苏雯珊	1
苏震宇	1
苏鹏程	1
姚宜艾	1
姚家豪	1
姚岗	1
姚建国	1
姚建明	1
姚德冰	1
姚志丽	1
姚忠礼	1
姚思微	1
姚怡安	1
苗乔伟	1
苗可	1
苗芳	1
苗金凤	1
姚月明	1
姚未平	1
苟伟	1
姚欣言	1
姚正箐	1
苟杰德	1
姚玉兰	1
姚琳娜	1
英巴图	1
英文版	1
姚育明	1
英格丽茜	1
姚莹莹	1
英若诚	1
姚金桥	1
姚金飞	1
茂路	1
姚雯佳	1
姚鲁	1
姜世贞	1
姜中平	1
姜丹	1
姜佩言	1
姜冰洁	1
姜华	1
范俊涵	1
姜国民	1
范妮莎	1
范志菱	1
姜宝成	1
范旭霞	1
姜岳	1
范瑞君	1
范福林	1
茅为蕙	1
姜彤	1
茅子俊	1
茅瑛	1
茅菁	1
姜文杰	1
茫来	1
茶风林	1
荆浩	1
荻原圣人	1
姜梦茹	1
姜楠	1
莉萨	1
莉迪亚	1
姜涛	1
莊博文	1
莎拉	1
莫伦纳	1
莫利纳利	1
姜耀	1
莫合塔尔	1
莫尼耶	1
莫布里	1
姬丝	1
姬丝阿奎诺	1
莫朗	1
莫瑞丝	1
莫索斯基	1
莫纳汉	1
莫言	1
威尔贝格	1
莫里斯	1
莫雷诺	1
莫高彼斯彻	1
莱利	1
莱妮	1
威斯特	1
威特斯	1
莱恩	1
娄亚江	1
娄烨	1
娄艳燕	1
莱拉	1
莱斯莉	1
莱特	1
菅原龍憲	1
菅田俊	1
菊敏	1
娜芝叶	1
婉儿	1
婕婕	1
菲尔斯达	1
菲尔米娜	1
孔令奇	1
菲茨杰拉德	1
菲菲公主	1
孔孝珍	1
萝卜	1
萝安	1
萝斯	1
孔燕黎	1
萝西	1
孔祥月	1
孔祥照	1
孔祥玉	1
萧寒	1
萧小华	1
萧松原	1
萧艾	1
孙一娜	1
萨仁娜	1
孙于惠	1
萨拉	1
萨沙	1
萨米尔	1
孙佳星	1
孙侨潞	1
萨默尔	1
孙倩	1
孙健淇	1
孙健魁	1
萩原圣人	1
孙凯	1
孙剑	1
孙力民	1
孙博	1
萱野可芬	1
葆拉	1
葛亚明	1
孙圳	1
葛畅	1
葛行于	1
葛西明	1
孙小妞	1
董元夫	1
孙庆昌	1
孙建	1
董利德	1
董占祥	1
孙强	1
孙德强	1
董卿	1
董天文	1
孙志航	1
董彦麟	1
孙懿雯	1
董扬	1
董易汶	1
董春泽	1
孙斌	1
孙新强	1
孙旋	1
董標	1
孙晨	1
孙景璐	1
孙来燕	1
董琦	1
董琪	1
董琳达	1
孙毓才	1
董祺	1
董芳	1
董金棠	1
孙淑	1
董霖	1
孙渝烽	1
孙渤洋	1
孙炜	1
孙琦	1
孙田莉子	1
孙相春	1
董飞	1
蒂姆林	1
蒋亭轩	1
孙祺	1
孙童心	1
蒋依依	1
孙绍龙	1
孙继峰	1
蒋兴涛	1
蒋天流	1
蒋家旻	1
孙艺菲	1
蒋德鑫	1
蒋松	1
孙蛟龙	1
蒋毅	1
孙达	1
孙逸飞	1
蒋毅泓	1
孙闻	1
孙静贞	1
蒋熹多	1
孙骁潇	1
蒋祖曼	1
蒋羽熙	1
蒋锐	1
孟宪英	1
蒙特马斯	1
蒙祖克	1
孟瑞	1
蒲小虎	1
蒲美辰	1
蒲茜儿	1
蒲西儿	1
孟金福	1
蒿怡帆	1
孟霞	1
孟非	1
蒿怡菲	1
蒿怡霏	1
蓝可	1
蓝均天	1
蓝天	1
宁丹琳	1
宁元元	1
蓝天霸	1
宁才	1
宁桓宇	1
蓝格	1
宁理	1
蓝波	1
蓝湘森	1
宇秋	1
安东	1
蓝谷	1
安东尼奥	1
蔡一杰	1
蔡乐芝	1
蔡书雅	1
安吉妮	1
蔡俊涛	1
安启虎	1
安唯绫	1
蔡卫东	1
安圣浩	1
蔡坤奇	1
蔡宜达	1
蔡家乐	1
蔡思贝	1
安子	1
安德亚斯	1
蔡政男	1
安德烈	1
安德莱内	1
蔡明芳	1
蔡智恒	1
蔡松龄	1
蔡枫华	1
安悦溪	1
安朱洛	1
蔡澜	1
蔡澜等	1
蔡珩	1
安翅	1
安胜浩	1
安蒂洛普	1
蔡秋凤	1
蔡紫芬	1
安金	1
蔡纲	1
蔡维利	1
蔡蝶	1
蔡进鑫	1
宋丹	1
蔡鹭	1
蔣勳	1
蔻蔻	1
蕙子	1
薄冰	1
薛凱琪	1
宋健彰	1
宋允皓	1
薛国平	1
宋大成	1
薛山	1
宋娟	1
薛斌	1
薛斐	1
宋小白	1
宋巍	1
宋广汉	1
宋怀桂	1
薛梅君	1
薛江涛	1
宋文超	1
薛立方	1
薛萌	1
藤井美菜	1
宋晓峰	1
藤冈龙雄	1
宋晓锋	1
藤原纪香	1
宋本中	1
宋林	1
藤文昊	1
宋永平	1
虞朗	1
宋海颉	1
宋玉淑	1
宋玥莹	1
虞正男	1
宋睿	1
虞琦	1
宋祖德	1
宋美慧	1
宋美曼	1
宋胤熹	1
虞雅婷	1
宋芸樺	1
虾嘎	1
蜷川幸雄	1
宋荷允	1
衣云鹤	1
袁丁	1
宋金岳	1
宋金笑	1
袁之远	1
宋鹏	1
宏勃	1
袁佳奕	1
袁其鸣	1
宗菲	1
袁富华	1
袁文婷	1
宝儿	1
宝妈	1
袁文革	1
袁洪涛	1
袁澧林	1
袁紫侨	1
宥勝	1
宥胜	1
宫哲	1
宫喜斌	1
宫子丕	1
宫晓瑄	1
宫本裕子	1
宫正楠	1
袁茂川	1
宫海滨	1
宫筱轩	1
宫路佳具	1
宫雪花	1
袁莉	1
容锦昌	1
宽叽文	1
袁霆	1
寇占文	1
裘立尔	1
裘逑	1
寇来	1
寇碧	1
寇静	1
寇骏	1
裘逸苇	1
富田耕生	1
裴中中	1
裴培	1
寻峰	1
裴娴哲	1
尉迟少南	1
尊尼亚	1
裴晟祐	1
小么哥	1
褚大章	1
小仪	1
小佳	1
西协美智子	1
小出惠介	1
小古巴	1
小叮咚	1
小呆呆	1
小喜子	1
西卡	1
小寒	1
西塞	1
西德尼	1
小小白	1
小尾巴	1
西瓜刨	1
小库珀	1
西野翔	1
西风	1
覃培军	1
小戽斗	1
覃炜	1
小松拓也	1
小林稔侍	1
小林绫子	1
言小朋	1
言杰	1
小沈龙	1
詹佑颋	1
小泉纯一郎	1
小泽真珠	1
小满	1
小滴	1
詹同	1
小田部阿基	1
詹宁斯	1
詹小林	1
小胖妞	1
小臭贝	1
小茶	1
小荷	1
小薰	1
小超越	1
詹小楠	1
小野花梨	1
小野賢章	1
小飞	1
小香玉	1
小鹿姐姐	1
詹尼	1
誓言	1
謝爕雋	1
计玉堂	1
尚冠武	1
让帕诺米	1
尚天瞳	1
许亚军	1
尚格云顿	1
尚楠	1
许仁豪	1
许冠武	1
尚长荣	1
许娟娟	1
尤利娅	1
许少雄	1
许峰	1
尤尔根	1
尤秋兴	1
许峻豪	1
尤芳明	1
尤莱亚	1
尤赖亚	1
许思敏	1
尤金	1
尹丽玉	1
尹光	1
许愿	1
尹发	1
许明虎	1
许景媛	1
尹姗姗	1
许正廷	1
尹密	1
尹德拉	1
尹志强	1
许江宁	1
许狄	1
尹昭媐	1
许琳	1
许秉珩	1
许秋怡	1
尹相林	1
尹真伊	1
许立志	1
尹素清	1
许素莹	1
尹誉俐	1
尹贞伊	1
许素莹So	1
尹雅宁	1
许维恩	1
许肇任	1
尼克松	1
尼利特龙	1
尼古拉斯	1
尼坤	1
许胜雄	1
许芬	1
尼格买提	1
尼沃拉	1
尼玛	1
尼玛颂宋	1
尼科尔	1
许薇	1
许起鳯	1
尾原真弓	1
尾形一成	1
许雁青	1
许静	1
许馨惠	1
译男	1
屠光启	1
屠夏岩	1
诸葛梓岐	1
诺亚	1
山口理恵	1
诺尔	1
诺瑞斯	1
诺米	1
诺费奥	1
山崎敬一	1
谈莎莎	1
谈鹏飞	1
谢丹红	1
谢伟俊	1
谢伟才	1
谢伟雄	1
岑嘉其	1
谢佳妤	1
谢勒	1
岑建勛	1
谢卓言	1
岑范	1
岛田杨子	1
岛田瑠那	1
谢印梅	1
岩居由希子	1
谢启文	1
岱江	1
谢天笑	1
谢嫚仪	1
谢容儿	1
岳敏君	1
谢新达	1
谢昀杉	1
岳跃利	1
岳鸣宇	1
岸本加世子	1
崔倓	1
崔倩玫	1
谢晓	1
崔允信	1
崔准硕	1
崔可法	1
谢月美	1
谢朗佩娜	1
崔宇植	1
崔守杰	1
崔宗利	1
崔宝印	1
崔宝月	1
崔岳	1
谢栩	1
崔志刚	1
崔志强	1
崔成国	1
崔文璐	1
谢沅江	1
崔斯坦	1
谢泼德	1
谢海盟	1
谢润	1
崔汀友	1
崔汝珍	1
崔汝真	1
崔波	1
崔珍鎬	1
谢添天	1
谢炘昊	1
谢炜	1
崔秀丽	1
崔秦豪	1
崔茹真	1
谢爕隽	1
崔贞媛	1
谢琼暖	1
崔达志	1
崔达治	1
崔钟	1
崔镇浩	1
崔陆萌	1
嵇波	1
谢琼煖	1
谢砚箫	1
川岛茉树代	1
川本喜八郎	1
川田淳子	1
左全	1
谢秉翰	1
谢纯鑫	1
谢维彤	1
谢艾霖	1
左柏韬	1
左百韬	1
谢蔓仪	1
谢衍	1
左诗蓓	1
左镜伯	1
谢语恩	1
谢迪峰	1
巨兴茂	1
谢金天	1
谢钢	1
谢铜	1
谢闻轩	1
谢雨桐	1
谢雪心	1
谢韵仪	1
巫建和	1
已故	1
巴云风	1
巴亚尼	1
巴克	1
谨华杨	1
巴克林纳	1
谭伟豪	1
谭俊颖	1
谭俏	1
谭凯琪	1
巴姆	1
巴尼	1
巴山	1
谭宗尧	1
谭尧中	1
谭德玉	1
谭志刚	1
谭恩美	1
巴楚沙	1
谭楚枫	1
谭歆柔	1
巴甫洛夫	1
谭永麟	1
谭洁雯	1
谭淇淇	1
谭淑婷	1
巴蒂斯特	1
谭淑梅	1
巴雅尔吐	1
巴雅尔图	1
巴雷特	1
巴顿	1
市川实日子	1
市川由衣	1
谭满堂	1
布伦特	1
布伦顿	1
布克	1
谭漍烨	1
谭玉瑛	1
谭群	1
谭讬	1
布劳迪	1
谭赫	1
谷倖仪	1
谷名伦	1
布拉雷	1
谷尚蔚	1
谷幸仪	1
谷毓英	1
谷麒麟	1
豆豆	1
豊崎愛生	1
豪斯顿	1
布罗特顿	1
布罗迪	1
豬哥亮	1
贝克尔	1
贝克斯	1
贝吉	1
贝尔彻	1
贝尔特	1
布赫兹	1
贝尔米	1
布里吉格斯	1
布里奇斯	1
布里奇特	1
布里翁	1
贝汉	1
贝特尼	1
贝特曼	1
贝特林	1
贝肯	1
师春玲	1
师鹏	1
费伟妮	1
费尔南德斯	1
费格森	1
费森	1
费罗尔	1
希波蒂	1
贺丹丹	1
贺媛媛	1
贺小书	1
贺小语	1
贺敬东	1
帕度柯妮	1
贾世忠	1
帕杜科内	1
帕杰科维	1
贾云馨	1
帕特	1
帕特森	1
贾凤柱	1
贾凤森	1
帕特里夏	1
贾君刚	1
帕科维奇	1
帕维什	1
帕莫	1
帕金斯	1
席亦舒	1
席伟	1
席尔瓦	1
席曼宁	1
席赛兰	1
常世奎	1
常保生	1
常兰天	1
常和	1
常国洪	1
贾媛媛	1
贾巴尔	1
贾康熙	1
贾志	1
贾惠景	1
贾林	1
贾梓铭	1
贾樟柯	1
贾永泉	1
贾盛强	1
贾秀兰	1
贾致刚	1
常陆师父	1
干露露	1
平兰庭	1
平坦	1
贾舒词	1
贾青	1
平野爱子	1
赖伟	1
庄博文	1
庄宇琳	1
赖兴祥	1
庄敏瑾	1
赖怡玟	1
庄文清	1
赖敏斯	1
庄绣晴	1
庄雪梅	1
库伦	1
赖文轩	1
库克	1
库区科利安	1
库姆斯	1
赖特	1
库斯勃特	1
库普	1
库柏	1
库比特	1
赖玮	1
赖秀升	1
赖颂轩	1
库里奥	1
库马尔	1
应朋	1
应蔚民	1
赛德勒	1
赫伯特	1
赫利希	1
赫尔曼	1
庭萱	1
康丁	1
康佳琪	1
康天申	1
赫尔腾	1
康建华	1
赫德	1
康斯坦丁	1
赫敏	1
康熙	1
赫辛格	1
康苏斯	1
康辉	1
赵一穗	1
赵一维	1
赵一龙	1
廖亦崟	1
赵世基	1
赵中	1
廖伟雄	1
赵丽	1
廖冬凯	1
赵乾景	1
廖千慧	1
廖君兹	1
赵予熙	1
廖娟	1
赵仕瑾	1
廖学秋	1
赵佑萱	1
廖庆松	1
廖慧珍	1
廖晓琴	1
廖景萱	1
赵佳怡	1
廖淑珍	1
赵健	1
廖美露	1
赵健文	1
赵兵	1
廖逸君	1
赵半狄	1
延斯	1
赵南阳	1
弗兰基	1
赵卫国	1
弗尔曼	1
赵双城	1
弗朗科西斯	1
赵四	1
赵安琪	1
赵家勇	1
赵寒雪	1
弗诺	1
弗贝克	1
赵屹鸥	1
赵岭	1
弗雷德里克	1
赵峥	1
赵强	1
赵彬	1
赵志刚	1
赵慧珊	1
张东	1
赵成夏	1
张丹	1
赵成彬	1
赵文赫	1
张乃天	1
赵昕彤	1
赵树仁	1
赵树达	1
张二丹	1
赵梓彤	1
张云翼	1
赵梓荐	1
赵梦	1
张亚希	1
张亦弛	1
张亦驰	1
赵梦桥	1
赵梦洋	1
赵楚纶	1
张亮亮	1
张仪英	1
张优	1
赵汉娜	1
赵汝平	1
张会民	1
赵泽文	1
张伟平	1
张伟迅	1
赵津生	1
张伸	1
赵海涛	1
张佩山	1
张佳佳	1
赵海龙	1
张俊杰	1
张俊英	1
赵淼	1
赵炬	1
张健	1
张傲月	1
张允子	1
赵然	1
赵熠洋	1
张兆志	1
赵珺瑶	1
赵琳	1
赵瑞	1
赵畅	1
赵紫萱	1
张冀	1
张军	1
赵纯阳	1
张冲	1
张净思	1
张凤书	1
赵舜	1
张凯	1
张刚	1
赵艺然	1
张勇	1
赵芊羽	1
赵芙丽	1
张华勋	1
张卓楠	1
赵英龙	1
赵茜	1
赵薇薇	1
张友宪	1
张友平	1
张双力	1
张双成	1
张发财	1
张叔平	1
张可方	1
赵越	1
赵达	1
张名煜	1
张君明	1
赵达清	1
张启德	1
张咏恩	1
张咏荷	1
赵迎利	1
张喜前	1
张喜来	1
张嘉年	1
赵逸岚	1
赵钱孙	1
赵长瑞	1
张国梁	1
赵阳	1
赵雅淇	1
张坚	1
赵雍	1
张复健	1
张复建	1
张夏平	1
张大星	1
赵雪莹	1
赵雪萤	1
张天柏	1
赵雷棋	1
张天舒	1
张天阳	1
赵震	1
赵霞	1
赵骏	1
张婉婷	1
张婷婷	1
张媛媛	1
赵鲁寒	1
超人强	1
超李季	1
路威	1
路希	1
路思明	1
路易莎	1
张学润	1
路晨	1
路知行	1
张宇菲	1
张宇豪	1
张宇迪	1
张宇鹏	1
张安安	1
路阳	1
张宏伟	1
张宥浩	1
张家慧	1
张家豪	1
路馨欣	1
踏西男孩	1
张寗	1
张小北	1
张小厚	1
车太铉	1
车慧	1
车缙	1
辛凯	1
辛树芬	1
辛西娅	1
辛迪	1
辜承	1
辰伶	1
张岳	1
边存峰	1
张崇德	1
边辉	1
张师	1
达万	1
达博	1
张建亚	1
张建军	1
达妮卡	1
张建文	1
达娃平措	1
张建波	1
达尼亚	1
张弘道	1
张弛	1
张弦子	1
达斯特	1
张彦东	1
达格特	1
张德光	1
张德福	1
张心妍	1
达波	1
张志康	1
张念骅	1
张怀志	1
张怀秋	1
达瓦卓玛	1
张恩超	1
达米安	1
达西	1
过杰	1
张惠志	1
张惠虹	1
张慈	1
张慕芹	1
迈克伯尼	1
迈克索利	1
远藤久美子	1
连莲	1
张戈	1
张扬	1
张拯	1
连萌	1
张政	1
张政勇	1
连馨	1
迟嘉	1
迟强	1
张文斌	1
张文竹	1
迟蓬	1
张斌	1
张斯会	1
迪亚哥	1
张星辰	1
张春仲	1
迪伊	1
迪克牛仔	1
张晓燕	1
迪拉胡特	1
迪沙	1
张晨	1
迪莎	1
张景岚	1
张景素	1
迭戈	1
张智豪	1
迷你彬	1
张暴默	1
通口明日嘉	1
造型设计	1
张末	1
邓上文	1
张本煜	1
张本瑜	1
邓丽盈	1
邓伟豪	1
张杨洋	1
邓凯匀	1
邓刚	1
张柏舟	1
邓妙华	1
张栋梁	1
张桂生	1
张桐	1
邓安宁	1
邓寄尘	1
张梦雨	1
邓小平	1
张楚芝	1
邓小超	1
邓志鸿	1
张欣	1
张欣颜	1
邓恩	1
张歌	1
邓汉强	1
邓海鹰	1
邓琳琳	1
邓育庆	1
张毅	1
张毓晨	1
张永刚	1
张永宁	1
邝君能	1
张永权	1
张汉荫	1
张汝为	1
邝美云	1
张沈平	1
张波	1
邝美宝	1
张洋	1
邢丹丹	1
邢思杰	1
张洪量	1
张浅潜	1
张浚鸿	1
邢滨	1
张浩天	1
张浩然	1
邢珊	1
张涛	1
那危	1
邬玉君	1
张源斌	1
邬逸聪	1
张满源	1
张澄	1
张澍	1
邬霞	1
张炎	1
邰正宵	1
张然	1
邱光磊	1
邱启明	1
张燕	1
张燕庄	1
邱子	1
张玉	1
张玉洁	1
邱安忱	1
张玉龙	1
邱礼涛	1
邱秀敏	1
邱秋月	1
邵亦琛	1
邵传勇	1
邵何之杰	1
邵子娇	1
邵子恒	1
张琼姿	1
张琼瑜	1
张琼雯	1
邵小毛	1
邵思涵	1
张瑞	1
张瑞哲	1
张瑞宇	1
邵文杰	1
邵民	1
邵美君	1
邸国强	1
张璋	1
邹市明	1
张申英	1
张百康	1
邹文正	1
邹爽	1
邹轩琦	1
郁方	1
郁锦花	1
郄路通	1
张硕	1
郎鹏	1
郏捷	1
张秋芳	1
郑万植	1
张立基	1
张立威	1
郑业成	1
张立昂	1
郑丽莎	1
张立翔	1
郑亦桐	1
张竣杰	1
张笑菲	1
郑京虎	1
郑仁硕	1
郑传文	1
郑健	1
张绍刚	1
张绍荣	1
张继波	1
郑克勇	1
张继莲	1
郑凯	1
郑君里	1
张羿凡	1
张翕	1
郑启蕙	1
郑媛元	1
郑子诚	1
张耀星	1
张胜仙	1
郑孟霞	1
张舒羽	1
张舒雅	1
郑宇梁	1
张良斌	1
郑家榆	1
郑家生	1
张艺骞	1
郑富雄	1
郑康业	1
张芷潆	1
郑建	1
郑开元	1
郑成峰	1
张茜	1
张茹	1
张莉	1
郑斌辉	1
郑旦瑞	1
郑来志	1
郑满植	1
张蓓蓓	1
郑玉	1
张蓝艺	1
郑福山	1
郑罗茜	1
张贵生	1
郑美淑	1
郑聚高	1
张赫宣	1
郑良雄	1
张超理	1
郑跃博	1
郑躬菁	1
郑进生	1
郑逸桐	1
郑道琦	1
郑郑	1
张遥函	1
张醒超	1
张金元	1
郑镇	1
张金铃	1
张钧宁	1
郑雅文	1
郑鹧鸪	1
郝云	1
郝凯瑞	1
郝勇	1
张锦秋	1
郝君怡	1
郝在冬	1
郝宏明	1
张阳	1
张阳阳	1
张阿信	1
郝履仁	1
张陈映美	1
张雅玫	1
郝帼英	1
张雨绮等	1
张雪芹	1
郝教勇	1
郝鸿建	1
张霖彤	1
张静	1
郭一非	1
张静林	1
张静静	1
张韶涵	1
张页川	1
郭东临	1
张颍君	1
张颖	1
张颖康	1
郭云飞	1
郭亭吟	1
张魁	1
郭伟	1
张鸣雪	1
张鸿	1
张鸿安	1
郭伟国	1
郭伟龙	1
郭冬临	1
弯弯	1
張家慧	1
張家瑜	1
張辛苑	1
張采眉	1
弹头	1
强宇	1
强巴才丹	1
强明	1
郭冰	1
强汉	1
郭博文	1
郭君彦	1
彤阳	1
郭在容	1
彦艳	1
彩旗	1
彭中扬	1
郭奕耀	1
郭奕芯	1
彭亦威	1
彭健新	1
郭婷吟	1
郭子千	1
彭凌	1
郭家庆	1
彭坦	1
彭子晴	1
郭小东	1
彭寓厶	1
彭康育	1
郭帅	1
郭广启	1
彭旭	1
彭梓桁	1
彭楚雅	1
彭正才	1
郭庆春	1
彭洪祥	1
郭建国	1
郭建民	1
彭立威	1
郭强	1
彭罡原	1
彭莉	1
彭骞	1
役所广司	1
郭弼	1
郭志桐	1
郭念秋	1
徐东方	1
徐丰年	1
徐丽雯	1
徐仁国	1
郭思琳	1
徐佳宁	1
徐佳琦	1
徐佳琪	1
徐健春	1
郭思遥	1
郭恒	1
郭新馨	1
徐冰	1
郭易峰	1
郭晓婷	1
徐力	1
郭晨	1
徐启文	1
郭晨东	1
徐圣翌	1
郭柏松	1
徐天祥	1
徐娅	1
郭森	1
徐娜	1
徐婕儿	1
徐婧荧	1
徐子淇	1
郭永昌	1
徐子道	1
徐学政	1
徐宁	1
郭永章	1
郭瑞	1
徐宛铃	1
徐家傑	1
徐小健	1
郭盛	1
徐小明	1
徐小玲	1
郭秋成	1
郭紫铭	1
郭美孜	1
郭美美	1
徐幸	1
徐建忠	1
徐彩虹	1
郭耀仁	1
徐志贺	1
郭虹	1
徐忻辰	1
郭议芯	1
徐慧	1
徐成峰	1
郭辉	1
郭逸轩	1
徐文宇	1
徐昂	1
郭阳	1
徐春妮	1
郭静	1
郭颖儿	1
徐月娥	1
徐杉	1
鄢丽娜	1
鄢佳	1
酷库熊	1
里克	1
徐查理	1
徐歉	1
徐正希	1
里嘎杜	1
里坡	1
徐正运	1
徐汶萱	1
里德伯	1
里戛杜	1
徐海鹏	1
里斯	1
徐滔	1
徐潇力	1
野村万斋	1
野营	1
徐玄	1
徐玉兰	1
徐玉琨	1
徐珠贤	1
金亚中	1
徐登科	1
徐福晶	1
金亮	1
金伊彤	1
金佳	1
徐美玲	1
徐若琪	1
金兴贤	1
徐蕾	1
徐诣帆	1
徐贵樱	1
徐鋆	1
徐铮	1
金喜全	1
徐闻	1
金圣柱	1
徐靓靓	1
金培达	1
金妮	1
金尤美	1
徐颖怡	1
金巴	1
徐鸥仪	1
金弘	1
徐黄丽	1
德力格尔	1
德尔	1
德尔默	1
金恩圣	1
德怀特	1
德拉	1
金惠	1
金日哲	1
德米塔	1
德莱弗斯	1
金昊	1
德贝尔	1
德赖弗斯	1
德鲁	1
怀尔	1
金昌完	1
金来群	1
思韦茨	1
金桓镇	1
金正兰	1
恩蒂拉	1
金武林	1
金汐	1
金池	1
金泛	1
惠子	1
金淑媛	1
金炜	1
慕容雪村	1
憾尘	1
戈丁	1
戈春艳	1
金玉林	1
戈登	1
金珈	1
戈麦斯	1
金珠	1
金甲	1
金相浩	1
金秀宪	1
金秀贤	1
金花雨	1
金草	1
金荣喜	1
金莞鸿	1
金萍	1
金蓓蓓	1
战卫华	1
战斧	1
战易琳	1
战车	1
战鹤文	1
金贞兰	1
戚云鹏	1
金钟	1
金铁峰	1
金锐	1
金雅中	1
戴一	1
戴于程	1
戴佩妮	1
金青云	1
戴佳峄	1
戴兆安	1
金韩	1
金韩一	1
钟伟强	1
钟兆康	1
钟夫翔	1
钟奕儿	1
戴安娜	1
钟慧冰	1
戴尔里	1
戴恩	1
戴文燕	1
钟成虎	1
戴潆萱	1
戴澴雨	1
钟春源	1
戴立吾	1
钟景光	1
钟智文	1
钟桂林	1
钟欣怡	1
戴菲菲	1
戴超航	1
钟爱宝	1
房夕婷	1
钟甄	1
钟真	1
房斌	1
房汐婷	1
钟碧霞	1
扈强	1
扈耀之	1
手塚通	1
钟绍图	1
才项增仁	1
扎勒	1
扎巴多杰	1
钟耀南	1
钟舒祺	1
托克尔	1
钟萍	1
钟蕙芝	1
钱江汉	1
钱漪	1
钱薇娟	1
钱雁秋	1
铃木瑞穗	1
银雪	1
锺保罗	1
托萨	1
托里	1
闫佩雯	1
托雷斯	1
闫嘉洢	1
托马尔	1
闫婕	1
闫怀礼	1
扭曲的机器	1
闭启泉	1
拉什顿	1
拉勒	1
闵春晓	1
拉夫森	1
阎永恒	1
拉娜	1
阎萌萌	1
阎连科	1
拉巴尔	1
拉帕格里拉	1
拉弗恩	1
阮世生	1
阮德锵	1
拉普库斯	1
拉朵嫣	1
拉涅瑞	1
阮文萍	1
拉维	1
阮明智	1
阮煌福	1
阳华	1
阳蕾蕾	1
拉达	1
阴海龙	1
拓也哥	1
拖拉基	1
拜恩	1
捷尼拉洛娃	1
捷文斯卡	1
提克	1
提图斯	1
提姆	1
阿ken	1
阿丽丝	1
阿丽森	1
阿依夏木	1
阿俊	1
阿利	1
撒贝宁	1
阿匹婆	1
阿合买德	1
阿图罗	1
敖志君	1
阿太	1
阿奎诺	1
敖雯红	1
散装	1
敦婧怡	1
敬子辰	1
文中学	1
文俊辉	1
文健	1
文兴宇	1
文凯玲	1
阿尔提丝	1
阿尤什	1
文婷	1
文彩元	1
阿德利亚	1
文杰	1
文松	1
阿托	1
阿托莎	1
阿拉济纳	1
阿拉纳	1
文正熙	1
文瀞熙	1
文祥	1
阿斯沃思	1
阿曼德拉	1
阿桃	1
文贞姬	1
阿梅尔	1
阿比盖尔	1
斋藤工	1
斯依娜	1
阿琪	1
阿甘	1
阿白	1
斯嘉丽特	1
阿米乔	1
斯图沃特	1
斯坎伦	1
斯坦伯格	1
阿美	1
阿美莉嘉	1
斯戴法诺	1
斯托克	1
阿芹	1
阿萨亚	1
阿萨亚斯	1
阿葛巴亚尼	1
阿诺	1
阿贝尔	1
阿迪勒	1
斯科蒂	1
阿迪尔	1
斯莫尔伍德	1
斯蒂加尔	1
阿速	1
阿雷塔	1
斯蒂文	1
阿龙	1
陆丽珠	1
陆兰香	1
陆军	1
斯隆	1
斯韦特兰娜	1
新七小福	1
陆奕靜	1
新剑郎	1
新藤荣作	1
陆小雅	1
方令正	1
陆廷威	1
方健仪	1
方刚	1
方力均	1
陆忠	1
方力钧	1
陆怡璇	1
方化	1
方大同	1
陆支羽	1
方子春	1
陆明君	1
方季惟	1
方安娜	1
陆晓飞	1
方小月	1
陆柱石	1
方岑	1
陆汝浩	1
陆海涛	1
方文	1
方文琳	1
方方	1
方旭	1
陆筱琳	1
方烈	1
方璇	1
陆虎	1
方育平	1
陆诗韵	1
陆超	1
陈一娜	1
陈一方	1
陈一榕	1
陈万号	1
施伊克	1
施佳加	1
陈东岗	1
陈丽儿	1
施密特	1
陈丽卿	1
陈义	1
施念慈	1
陈之辉	1
施明	1
施易男	1
施权展	1
施柳屹	1
施欣余	1
施欣盈	1
陈以文	1
施绮莲	1
施融	1
陈任	1
旁白	1
无心	1
日比野玲	1
日籍	1
陈作深	1
时尚	1
时玮	1
陈佩茜	1
旺堆	1
陈依娜	1
昂哈妮玛	1
昂哈尼玛	1
明格斯	1
陈俊国	1
明金成	1
易天雄	1
陈俏	1
陈信一	1
易建联	1
易振兴	1
易桀齐	1
易歆韵	1
陈健安	1
陈僖仪	1
陈元	1
易蜜儿	1
星子	1
星野有香	1
陈光廷	1
春妞	1
春妮	1
陈冠中	1
陈剑云	1
陈励	1
晓庆	1
晓海	1
陈匡荣	1
普伦科特	1
陈博文	1
陈卫	1
普洛斯诺	1
陈可辛	1
普罗赫诺	1
景丽平	1
陈君凡	1
景春寒	1
景珂	1
陈启棠	1
陈嘉仪	1
智世明	1
陈嘉豪	1
陈园	1
陈国典	1
曲哲明	1
陈国富	1
曲昱曈	1
陈国权	1
陈国邦	1
曹三丰	1
曹丹	1
陈士争	1
曹仁伟	1
曹伟	1
曹俊	1
陈天文	1
曹冠英	1
曹凯	1
陈天璇	1
曹华恩	1
陈天赐	1
陈奕雯	1
曹帅	1
曹承衍	1
陈奕霖	1
陈妍汝	1
陈姿言	1
陈孝萱	1
曹汉超	1
陈学刚	1
陈宁	1
曹璐	1
曹秀贤	1
曹秀铉	1
陈宇琛	1
曹苑	1
陈宇鹏	1
曹蓬	1
陈宛蔚	1
曹西安	1
陈家正	1
陈家祥	1
陈家齐	1
陈小霞	1
陈平	1
曹静	1
曹非	1
曹颖	1
陈年喜	1
曼特纳	1
曼特纳乔	1
陈庭妮	1
曾仕贤	1
曾佩仪	1
陈延嘉	1
曾健忠	1
曾允柔	1
曾华倩	1
曾吾吉	1
曾国城	1
陈建琪	1
曾子英	1
曾守明	1
陈开心	1
曾宪春	1
曾帅	1
陈彼得	1
曾思敏	1
陈德森	1
曾昂	1
曾柏允	1
曾汉宇	1
陈志云	1
曾涛	1
曾淑雅	1
陈志健	1
曾祥程	1
曾秋生	1
曾紫云	1
曾舜晞	1
曾虹畅	1
曾谨昌	1
陈志宏	1
曾近荣	1
曾雅琪	1
曾雪华	1
曾静	1
陈忠实	1
曾麟舒	1
曾黎	1
朗克桑	1
陈思佳	1
木拉提	1
陈思元	1
陈思璇	1
陈思颖	1
陈怡南	1
陈慧娟	1
本扎	1
本杰明	1
本森	1
陈慧玲	1
札亚斯	1
朱一诺	1
朱一锦	1
朱丁元	1
朱丁顺	1
陈慧珠	1
朱丽亚	1
陈戈	1
陈捷文	1
陈敏	1
朱义	1
朱予同	1
陈文义	1
朱伟利	1
朱佳希	1
朱佳煜	1
陈文彬	1
陈日丰	1
陈明昊	1
朱凤娴	1
陈显政	1
朱千雪	1
朱厚仁	1
陈晓花	1
陈晓莹	1
朱天文	1
陈景形	1
朱威廉	1
陈景祥	1
朱子墨	1
朱子岩	1
陈曦	1
朱宇	1
陈月	1
陈望华	1
朱建民	1
陈杨	1
朱思行	1
朱慧玲	1
朱文莉	1
朱文超	1
陈杨子	1
陈松伶	1
朱明锐	1
朱晏	1
陈柏良	1
朱晨丽	1
朱晨辰	1
朱曼芳	1
陈梅生	1
陈梦秦	1
陈植槐	1
朱泓羽	1
朱泳腾	1
陈楚新	1
朱海彬	1
朱海玲	1
朱牧	1
朱玟晞	1
陈楚童	1
陈楚翔	1
朱瑞棠	1
陈楼	1
朱立芹	1
朱紫娆	1
朱红	1
朱约信	1
陈欣建	1
朱艺	1
朱芝莹	1
朱芯仪	1
朱芷玄	1
陈正伟	1
陈正华	1
陈汉宗	1
陈沁	1
朱莉叶	1
陈沛妍	1
朱莎	1
陈沛江	1
朱起	1
朱迅	1
陈沛纲	1
陈泰桦	1
陈泰铭	1
朱镜	1
陈洁灵	1
陈浩	1
朱雷	1
朱韶浚	1
陈浩民	1
朴云龙	1
陈淑芬	1
陈淑贤	1
陈淡蓉	1
陈湘淇	1
陈源平	1
朴政希	1
朴施厚	1
陈燕华	1
朴正学	1
朴正泽	1
陈燕玲	1
朴熙植	1
陈玛雅	1
朴艺珍	1
朴载相	1
陈琪	1
权永文	1
陈祉希	1
陈禹衡	1
李一情	1
陈秀兰	1
陈秀茹	1
李世儒	1
李世龙	1
陈秉立	1
李东昌	1
李东翰	1
李丹	1
李丹军	1
李丹阳	1
陈立品	1
陈立鹏	1
李丽娜	1
陈端	1
陈竹生	1
李丽虹	1
陈素莹	1
李之勤	1
李之浩	1
陈继东	1
李书晨	1
李乾元	1
陈绮明	1
李云鹏	1
李亚真	1
陈绮贞	1
陈维涵	1
李京京	1
陈维英	1
李亮	1
李仁堂	1
陈美娥	1
李伊	1
陈美庚	1
陈美廪	1
李伟健	1
李传缨	1
李伯恩	1
陈美诗	1
李佩甄	1
陈耀荣	1
陈自瑶	1
陈致臻	1
陈苑淇	1
陈英俊	1
李侑瞳	1
陈英雄	1
陈荣宗	1
陈荣照	1
陈荣达	1
李俊宇	1
李俊豪	1
李俐璇	1
陈莲梅	1
陈菲	1
陈觅	1
陈诗姗	1
陈诗慧	1
李倩蓉	1
陈语安	1
陈诺	1
陈谨	1
李允中	1
陈达义	1
陈进兴	1
陈道林	1
陈道贤	1
陈采岚	1
陈钰芸	1
陈铁元	1
陈铮	1
李兢	1
李兰发	1
李再扬	1
陈雅澜	1
李冠仪	1
陈霁平	1
陈露	1
陈静仪	1
陈韦蓉	1
李凤新	1
陈顗亘	1
李凯莉	1
陈颖妍	1
陈颖芝	1
陈飞羽	1
李加民	1
陈鸿才	1
陈默	1
降旗康男	1
李卓	1
陶为	1
陶君薇	1
李博	1
李占华	1
李占河	1
李卫	1
李卫东	1
李双双	1
陶奕希	1
陶德辰	1
李司棋	1
李司祺	1
陶惠	1
李君磐	1
陶晶莹	1
李咏	1
陶杰	1
李咏珊	1
李咨墨	1
陶海	1
李响	1
李哲民	1
李善	1
陶辚竹	1
李嘉文	1
陶醉	1
隋卓峻	1
隋咏良	1
隋存毅	1
李国煌	1
雅克	1
李坤龙	1
李基宇	1
李基容	1
李塞德	1
李夕野	1
雅各布	1
李大强	1
李天柱	1
雅各布斯	1
李天浩	1
李奇龙	1
李奕娴	1
李好	1
李妮妮	1
李委	1
雅库布	1
雅玫	1
雍梦婷	1
雨书	1
李娟	1
李婉儿	1
雪儿	1
李婉芬	1
雪莉	1
雪萌	1
李媛媛	1
李子峰	1
李子涵	1
雷仲谦	1
雷伊	1
李学坚	1
李学通	1
雷吉扎莫	1
雷多耶	1
李安	1
雷宇杨	1
雷峻	1
雷德格瑞夫	1
李定保	1
雷德格雷夫	1
雷恩	1
李家声	1
雷梅	1
李家濠	1
雷茜	1
李家荣	1
雷诺儿	1
雷迪	1
李小波	1
雷鸣	1
李小舟	1
霍兰德	1
霍吉	1
霍奇	1
李屏宾	1
李屏賓	1
李岚	1
李岩	1
李岳承	1
霍威克	1
李峥	1
李川	1
李己雨	1
李希达	1
霍小雷	1
李平波	1
霍尔姆	1
霍泥芳	1
李广	1
霍特	1
李庆祥	1
霍达华	1
李康尔	1
霍里斯	1
李廷镇	1
霍金斯	1
露丝	1
李建群	1
青山知可子	1
李彤	1
李彦希	1
青木崇高	1
李彩华	1
靓昆	1
靖大爷	1
靳庆玲	1
李彬彬	1
靳德茂	1
李德华	1
鞠泓宇	1
鞠鸿宇	1
韦亦波	1
韦启昌	1
韦娜	1
韦弘	1
李志杰	1
韦玮	1
韦白	1
李志荟	1
韦绍兰	1
李忠希	1
李忠志	1
韦罗莎	1
李思儒	1
李思思	1
韩东	1
韩国材	1
韩在硕	1
李思颖	1
李怡清	1
李悦彤	1
韩宰锡	1
韩张	1
韩影	1
韩志硕	1
韩振华	1
韩晓	1
韩沛君	1
李承鹏	1
李拾壹	1
李振冬	1
李振锋	1
李捐	1
韩洛妃	1
李敏	1
李文乐	1
韩涛	1
韩湘宁	1
李文泰	1
韩烨州	1
韩磊	1
韩红	1
李日焺	1
李旭乔	1
韩英群	1
韩蒙	1
李昊宇	1
李昊芳	1
韩雨烨	1
韩青	1
韩韬	1
李明珠	1
李明超	1
韩飞	1
李易	1
项昌群	1
项海渔	1
李昕	1
项燕	1
项玥雯	1
顾尔立	1
李春	1
李春晓	1
李昭敏	1
李晋纬	1
顾岚	1
顾峰	1
顾本彬	1
顾海滨	1
顾漫	1
李晨溪	1
李景秀	1
李智凯	1
顾燕琴	1
顾竹君	1
顾辉	1
顾锦华	1
顿珠多吉	1
颂宋	1
李杰	1
颜凤娇	1
颜培珊	1
颜彼得	1
颜隆	1
李树楷	1
李树生	1
李桂生	1
颜雷	1
李梓宸	1
李梓辰	1
颜颖思	1
李梦晨	1
额尔登木图	1
飘飘	1
李樯	1
李橹進	1
饰敬大爷	1
李欣	1
李欣冉	1
李欣怡	1
饶颖	1
李欣潞	1
香子俊	1
李正翔	1
李殿朗	1
李殿芳	1
李永波	1
李汶桂	1
馮德倫	1
李沅	1
马世天	1
马今	1
马以	1
李泰兰	1
李泽锋	1
李洋	1
马光泽	1
李洪臣	1
李浤嘉	1
李浩林	1
马克西姆	1
李海佑	1
李海峰	1
马千珊	1
马占林	1
马占槽	1
马双庆	1
李润	1
马吉	1
马哲	1
李淼	1
马国华	1
马天伟	1
李溪芮	1
马奇	1
马妍婷	1
李潇潇	1
马学士	1
李炎	1
李炜	1
马宁宁	1
李炜成	1
马尧	1
马崇乐	1
马崇元	1
李煜	1
马幸葵	1
马彬茵	1
李玉国	1
马德林	1
李玉琴	1
李玖哲	1
马思恒	1
马敬涵	1
马文强	1
马明威	1
马晓倩	1
马晓峰	1
马晓灿	1
马柯	1
李瑞珠	1
马格达莱纳	1
马正阳	1
马比乌斯	1
李相林	1
马沉香	1
马泰	1
马浩伦	1
李秋泽	1
马海伦	1
李程远	1
李立	1
马深义	1
马特・达蒙	1
李竹斌	1
李綺虹	1
马特尔	1
马特森	1
马率	1
马珂	1
马秋子	1
李维斯	1
马科	1
马立	1
马绍信	1
李美子	1
马翎雁	1
马艳丽	1
马荣	1
李翌辰	1
李翰臣	1
马莉	1
马莫内	1
李耿	1
马萧萧	1
李舒桐	1
李舒燃	1
李良超	1
马薇	1
李芙蓉	1
马赛	1
李芸婵	1
李芹	1
李苒苒	1
马里纳斯	1
李若思	1
李英涛	1
李英爱	1
马铭远	1
马雅舒	1
马馨瑶	1
骆文博	1
骆炫铭	1
骞焕德	1
李萌萌	1
高一童	1
李蒙	1
李蕊	1
高佳敏	1
高俊霞	1
李虹辰	1
李解	1
李诚洁	1
李诺诺	1
高修	1
李贻清	1
高冬平	1
高凌风	1
李达基	1
李达超	1
高剑	1
高华阳	1
高叶	1
李道谕	1
李野	1
李金榜	1
高哇	1
高坤成	1
李铮	1
李银河	1
高增志	1
李镛	1
高天景	1
高娜恩	1
高尹辰	1
李雨寰	1
高岛真一	1
李雪慜	1
李雪敏	1
高嶋妙子	1
李霆锋	1
高强	1
李露玲	1
李青云	1
李青柯	1
李靖	1
高扬	1
李静仪	1
高扬棋	1
高敏	1
高明博	1
李颖贤	1
高木涉	1
李香凝	1
高桥一生	1
李高阿女	1
李鸣	1
李鸿	1
李鸿其	1
李鹏飞	1
高桥利道	1
高欣宇	1
高歌	1
高毅	1
杜乔	1
杜伟和	1
杜传扬	1
高泓贤	1
高波	1
杜凤侠	1
杜又陵	1
杜双宇	1
杜可风	1
杜天光	1
高洋	1
高浩源	1
高海宁	1
杜奕霏	1
杜如风	1
高淬	1
杜婕	1
杜子名	1
高炘	1
高炳权	1
高玉珊	1
高维明	1
杜小米	1
杜少明	1
高群	1
高英	1
高金素梅	1
高铭莉	1
杜易泽	1
高阳	1
高雅轩	1
高靖榕	1
高鸣	1
魏仁清	1
魏佳庆	1
杜深忠	1
魏冉	1
魏如昀	1
魏婷婷	1
杜燕歌	1
魏子星	1
魏小平	1
杜笃之	1
魏庭芳	1
杜若溪	1
杜茗洋	1
杜茜	1
杜菁	1
魏德圣	1
杜雨宸	1
魏星	1
杜鹏	1
魏晨	1
魏汉鼎	1
杨世瀚	1
杨世钧	1
杨东虎	1
魏秋桦	1
魏筱惠	1
魏蔓	1
魏震	1
魏静茹	1
杨乔雅	1
杨亚宁	1
鲁亦诗	1
杨代林	1
鲁学荣	1
杨佳和	1
鲁斯顿	1
杨佳音	1
杨俊毅	1
杨倩倩	1
杨凝	1
鲁斯麦基娜	1
鲁昕儿	1
鲁珀特	1
杨刚	1
杨化生	1
鲁继先	1
鲁西	1
杨卓华	1
鲍仙军	1
杨同顺	1
鲍仲民	1
杨和平	1
鲍勃	1
鲍德熹	1
杨垚	1
杨天乙	1
杨天祥	1
鲍汉琳	1
鲍海鸣	1
杨奇珺	1
杨奇雨	1
鲍烈	1
杨婕	1
鲍皓昕	1
鲍翠铃	1
鲍逸琳	1
鲍里索夫	1
鲶鱼哥	1
杨宇	1
杨安琪	1
杨宗宪	1
杨宜慧	1
鹿峰	1
杨宝龙	1
杨实聪	1
杨小V	1
杨小黎	1
杨少华	1
杨峥	1
鹿村泰祥	1
麦克	1
麦克卡兰尼	1
杨庆	1
麦克哈尔	1
杨强	1
杨彩旗	1
杨彩钰	1
杨德昌	1
杨心仪	1
麦克唐纳德	1
麦克格拉思	1
杨思明	1
麦克格雷斯	1
杨恒	1
麦克盖恩	1
杨悦	1
杨成轩	1
杨扬	1
杨承熹	1
杨振君	1
麦基萨克	1
杨文元	1
杨文昌	1
杨文磊	1
杨文远	1
麦子	1
麦当劳	1
麦德和	1
麦慧芬	1
杨晓丹	1
麦柯	1
杨曼玉	1
杨朵立	1
杨松	1
杨树	1
麦格拉思	1
杨梓邑	1
杨梓铎	1
杨梦超	1
麦浩邦	1
麦肯	1
杨欣佩	1
麦肯兹	1
杨江船	1
杨泽华	1
杨泽湖	1
杨洁玫	1
麦芷谊	1
杨津	1
杨海泉	1
杨涛	1
麦达卡	1
杨淳翔	1
杨淳至	1
杨淳言	1
杨淼	1
麦金农	1
麻吉弟弟	1
麻维江	1
杨潞	1
杨澜	1
杨瀚	1
杨烈	1
黃老邪	1
杨玉天	1
黄仁植	1
杨玉良	1
黄仲昆	1
杨琪	1
杨瑜珍	1
杨皓仁	1
黄伟明	1
黄依夏可	1
杨睿嘉	1
黄依群	1
黄俊郎	1
杨秦华	1
杨稀胭	1
黄健	1
黄健翔	1
黄克强	1
黄兴全	1
黄兴国	1
杨美金	1
黄兴绕	1
杨育铭	1
黄兴饶	1
黄军军	1
黄凯森	1
杨英伟	1
杨荔钠	1
杨荞安	1
黄凯芹	1
黄卓菱	1
黄博儒	1
黄卫	1
杨薇薇	1
黄又男	1
黄咏彦	1
黄品冠	1
杨贵发	1
黄国强	1
黄坤宏	1
杨逸飞	1
黄多多	1
黄如汉	1
黄妈存	1
杨金著	1
杨鑫	1
黄婉佩	1
黄子良	1
杨阳洋	1
黄子豪	1
杨雅慧	1
杨雅琴	1
黄子鸿	1
黄孟	1
杨露璐	1
黄宇海	1
杨青倩	1
黄安仪	1
黄宛苏	1
黄家正	1
黄小瑜	1
黄尚禾	1
杭志鹏	1
杭忠训	1
黄嵩博	1
黄建滨	1
黄德刚	1
杰勒德	1
黄志强	1
杰姬	1
黄志玮	1
黄思思	1
黄思繀	1
杰拉德	1
杰斯	1
黄恺杰	1
杰梅	1
黄恺欣	1
黄文捷	1
杰特	1
黄文杰	1
杰瑞	1
黄文英	1
黄文辉	1
黄晋琨	1
黄晓婉	1
黄晓蕾	1
黄晖翔	1
黄曼	1
杰金斯	1
松井哲也	1
松井菜樱子	1
黄曼凝	1
松尾铃木	1
松峰莉璃	1
松方弘樹	1
黄枫	1
松本梨香	1
松浦敬之	1
松涛	1
板仓睦	1
黄格选	1
林丛	1
林中华	1
林义雄	1
黄梁宇	1
黄楚涵	1
黄橙橙	1
黄毓民	1
黄泊钧	1
林佳菱	1
林佳音	1
林依伦	1
黄泰安	1
黄海珊	1
黄燎原	1
黄爱玲	1
黄玉荣	1
林信志	1
林俭	1
黄琛瑜	1
林元喜	1
黄笑嬿	1
黄精一	1
黄素璧	1
林刚	1
黄美玉	1
黄翀	1
林嘉	1
黄老邪	1
黄芝嘉	1
黄芳翎	1
林国仁	1
黄若菲	1
林圣家	1
林多	1
黄荣亮	1
林妙可	1
林姗姗	1
黄西	1
黄诗棋	1
林子姐姐	1
黄豆豆	1
黄財	1
黄迎	1
林孟瑾	1
林宏	1
林宏道	1
黄连煜	1
林宜均	1
黄采仪	1
黄金鉴	1
林家楝	1
林小湛	1
黄钰筑	1
林岚	1
林岭东	1
黄雪姣	1
黄雯	1
黄雷	1
黄靖	1
黄靖翔	1
黄飞	1
黄馨	1
林德禄	1
林德荣	1
林德轩	1
黎宣	1
林心怡	1
黎少芳	1
林志炫	1
黎应	1
林志豪	1
林志辉	1
黎文禄	1
林恩	1
林敏骢	1
林文龙	1
林明赐	1
林明远	1
黎海珊	1
林晓培	1
黎淑贤	1
黎燕姗	1
黎燕珊	1
林智文	1
黎美言	1
林曦	1
黎芷珊	1
林朝绪	1
林杉	1
黎铿	1
黑Girl	1
林梦娜	1
林欣彤	1
黑龙	1
林正豪	1
黒木瞳	1
齐俊盛	1
林泉	1
林洁芳	1
齐克	1
齐兵	1
齐冰	1
林海象	1
林涵	1
林清	1
齐士龙	1
林炜	1
林熙植	1
齐斯伽	1
齐梦石	1
林燕玉	1
齐海洋	1
林爽	1
齐玛	1
林珊珊	1
林珍	1
齐琪	1
齐琳	1
林瑞阳	1
齐秦	1
齐纳	1
林碧琪	1
林祖辉	1
林祺泰	1
齐襄	1
林秋萍	1
齐豫	1
林纪	1
林纪陶	1
齐连春	1
林美吟	1
林美照	1
龙小菌	1
龙比意	1
龙泽	1
龙达	1
林聪辉	1
龙雨	1
龚嘉欣	1
龚嘉玲	1
龚琳娜	1
龚璇	1
龚菲	1
林莉娴	1
龚蓓	1
林蔚	1
林蕊	1
林路迪	1
林辉煌	1
林连昆	1
林郁智	1
林雅诗	1
林雅雯	1
林霖	1
林颖彤	1
柏华力	1
柏妍安	1
查侃	1
查克	1
查小欣	1
查巴诺尔	1
查德	1
查正琳	1
柯瑞	1
柯蒂斯	1
柯达	1
柳希龙	1
柳海真	1
柳瑞雄	1
柳田	1
柳翰雅	1
柴猫君	1
柴纳	1
张力	2
杨梦露	2
张北川	2
丁丹妮	2
丁佩	2
丁冠森	2
马京京	2
张博宇	2
丁嘉元	2
菅韧姿	2
颜志琳	2
莱斯	2
丁宁	2
丁岚	2
张含韵	2
颜子菲	2
颜冠英	2
颜世魁	2
王烈	2
丁文博	2
顾芗	2
莫里耶	2
丁武	2
丁汀	2
莫肖尔	2
丁笑宜	2
丁莎莎	2
王滨	2
万仓	2
张大镛	2
张天爱	2
张妍	2
张妙珍	2
顾客	2
张嬿	2
张子晨	2
上官灵凤	2
顾又铭	2
丘芹銓	2
韩马利	2
莫梓江	2
东方闻樱	2
东明相	2
严宽	2
韩波	2
洪乙心	2
张宁	2
王海祥	2
韩寒	2
梁小冰	2
中山忍	2
中川安奈	2
张家骏	2
张小强	2
韩宰硕	2
韩在石	2
王浩燃	2
韩君婷	2
张少媚	2
韩义生	2
韩一菲	2
乌汶叻公主	2
张岫云	2
乐慧	2
乐韵	2
韦至	2
乔乔	2
王浩	2
张平	2
张延	2
乔安娜	2
张建声	2
韦恩	2
张弘	2
韦家辉	2
乔治	2
乔涵	2
张彻	2
张志勇	2
乔西	2
王津	2
买买提	2
韦克斯	2
韦伯	2
于伟杰	2
于凌达	2
洛桑丹派	2
贺刚	2
范晓彬	2
范恩斯	2
张懿靖	2
于文仲	2
范志博	2
范哲琛	2
霍卫民	2
霍利菲尔德	2
雷鬼	2
于立	2
于笑	2
于绍康	2
张昌华	2
雷镇语	2
杨欧	2
雷诺	2
张晔子	2
张晨光	2
雷牧	2
于飞	2
泽飞	2
雷佳	2
五月天	2
井之肋海	2
井之胁海	2
苗苗	2
雪妮	2
苗可丽	2
亚力克	2
雅丝敏	2
亚历克斯	2
陶述	2
皮乌斯	2
泰臣	2
亚拉亚姆	2
亚里安妮	2
陶大宇	2
亨特	2
仁青顿珠	2
张梦恬	2
费翔	2
苏见信	2
陶冶	2
苏玉华	2
陈雅丽	2
张正阳	2
杨清	2
王柏森	2
任伟民	2
费振翔	2
任浩明	2
任葆琳	2
张江诗琴	2
张泰维	2
杨潇	2
苏晓彤	2
费勒	2
苏明明	2
苏拉	2
张源	2
张溪芸	2
张瀚	2
檀健次	2
白雪	2
王月	2
陈茂林	2
伊斯梅尔	2
张玉玲	2
杨珑	2
张珂	2
伊莱	2
张珂影	2
伊雷	2
伍仕贤	2
张珊萌	2
伍卫国	2
张琦	2
陈若轩	2
王晴	2
伍思凯	2
休斯	2
张琴	2
波昂科	2
王晓燕	2
张瑞竹	2
花儿	2
陈素琴	2
伯根	2
芦芳生	2
陈竹昇	2
柯素云	2
张真	2
何伟锋	2
何佩珉	2
波多野结衣	2
陈立中	2
何勇	2
王晓	2
张石庵	2
艾迪	2
陈生	2
何塞	2
艾赛亚	2
林熹瞳	2
张立昆	2
张章	2
波士顿	2
张粤	2
陈燕伊	2
梁俊一	2
何泓珊	2
陈泓宇	2
梁丹妮	2
何浩文	2
张羽	2
河正宇	2
河原佐武	2
陈欧	2
陈欣淇	2
何静	2
梁一	2
艾斯	2
余世学	2
余倩雯	2
陈楚河	2
陈柏州	2
林爱华	2
贝蒂	2
张英	2
艾如	2
艾夫曼	2
张菁	2
余杨菲	2
余治林	2
张菲	2
杨秀措	2
艾利	2
陈曼媛	2
余贵美子	2
作业本	2
陈曼娜	2
张赢	2
佟林	2
艾什莉	2
佩内洛普	2
陈旭竹	2
佩尔托拉	2
佩尔茨	2
佩尼拉	2
佩拉博	2
沙维尔	2
佴文	2
陈文波	2
侯世甲	2
舒雅	2
白雨	2
白钟学	2
潘阳	2
侯祥玲	2
舒绣文	2
侯雨桐	2
樊亦敏	2
沙玛	2
俞闻天	2
陈意岚	2
柯林	2
榕榕	2
王思雅	2
倪匡	2
张长瑞	2
白茹	2
张陆	2
臧金生	2
臧天朔	2
王思敏	2
陈庭萱	2
陈幼芳	2
倪震	2
陈希郡	2
傅学诚	2
傅小芸	2
陈希圣	2
傅淼	2
陈希光	2
白穆	2
陈小凤	2
潘芳芳	2
沙宝亮	2
强音	2
陈宣裕	2
贝克	2
沙妮	2
光良	2
陈宇星	2
胡清蓝	2
白瑶	2
克罗维兹	2
林若亚	2
克莱恩	2
克莱特霍夫	2
彭宇	2
陈学文	2
彭新智	2
陈婧	2
克里斯特	2
彭浩翔	2
陈姗姗	2
克雷格	2
彭紫烊	2
桑迪	2
潘绍聪	2
沈驰	2
徐伟栋	2
陈国星	2
沈震轩	2
兰格	2
王往	2
兰茜	2
徐冲	2
谷垣健治	2
关凌	2
胡春华	2
徐啸力	2
陈嘉敏	2
陈吰	2
关悦	2
胡影怡	2
关智一	2
白柳汐	2
徐宏亮	2
林茨	2
胡彦斌	2
陈光	2
王希瑶	2
兹比格涅夫	2
内威尔	2
内森	2
内莉	2
胡宇威	2
农夫	2
冠佑	2
冯丁洪	2
林珍娜	2
冯云	2
徐志雄	2
白文显	2
胡子彤	2
陈俊峰	2
徐明	2
冯媛甄	2
徐晓龙	2
沈磊	2
陈伟雄	2
陈会毅	2
冯敬文	2
陈仙梅	2
陈乔希	2
王小龙	2
胡先煦	2
桑德斯	2
陆骏光	2
冯笑	2
陆辰生	2
徐濠萦	2
王小利	2
徐琳	2
冯雷	2
谭竣浩	2
徐箭	2
冷中易	2
冼爱莲	2
肥妈	2
肖鹏	2
陆川	2
凌峰	2
徐雷	2
白宇	2
龚雪	2
凯尔希	2
汉弥尔顿	2
白嘉倩	2
徐鹏凯	2
肖珊	2
德昂马莱	2
王家卫	2
杨采钰	2
白只	2
王宥胜	2
王宣予	2
恩和森	2
肖彦博	2
阿迈德	2
刘亮佐	2
刘令飞	2
刘以豪	2
森野文子	2
阿莱西奥	2
惠格姆	2
阿莫	2
阿端	2
戈辉	2
阿登	2
桑娜	2
刘冠佑	2
王宇	2
成俊	2
聂云	2
刘凡菲	2
成宗焕	2
耿胜	2
刘劲	2
成彬	2
成毅	2
刘午琪	2
阿桂	2
阿曼达	2
阿曼	2
戚冠军	2
阿旺仁青	2
刘奕君	2
阿斯茹	2
戚迹	2
戴佳佳	2
刘婧	2
戴军	2
戴利	2
桑切斯	2
刘孟哲	2
阿尔迪斯	2
杨钧丞	2
杨钧承	2
潘淑兰	2
戴江	2
考罗	2
考林	2
考德瑞	2
刘小佳	2
刘小奇	2
考塔兹	2
王孝忠	2
戴阳天	2
阿卜杜拉	2
考克斯	2
刘尚娴	2
刘希媛	2
刘平平	2
沈星	2
刘强	2
刘彬	2
才项仁增	2
刘德凯	2
杨雪	2
扎西顿珠	2
刘志宏	2
瑞弗金	2
刘怀正	2
刘怀良	2
老井	2
托布	2
刘惠璞	2
刘慧	2
阿什利	2
阿亮	2
阿丽雅	2
谭托	2
托米	2
托莫	2
托金	2
托雷顿	2
刘晓虎	2
沈志明	2
扬扬	2
披拉	2
王子杰	2
刘欢	2
阿Ken	2
沈建宏	2
汉尼根	2
拉斯科	2
刘沙	2
刘沛	2
拉旺罗布	2
拉米雷兹	2
拉芳	2
拉菲	2
拉蒂沃杰	2
刘海燕	2
拉贝德	2
阮如琼	2
刘添月	2
刘淼	2
翟凯泰	2
阎青	2
梶冈润一	2
翁静晶	2
阎清	2
摩琳娜	2
汉密尔顿	2
杨骏	2
班克罗夫特	2
阎涤华	2
阎汶宣	2
翁家明	2
门诺切特	2
文彬彬	2
刘秋生	2
文梅森	2
杨默	2
翁劼	2
刘维	2
铃木杏	2
刘美含	2
铃木仁	2
刘翔	2
文翰	2
谭增卫	2
铁政	2
王妍苏	2
刘荷娜	2
钱波	2
斯力更	2
美羊羊	2
钱枫	2
钱思曈	2
钱志君	2
斯波	2
刘辉	2
谭凯欣	2
钱千里	2
刘锡田	2
许娣	2
钱勇夫	2
钱入富	2
刘雅丽	2
钱似莺	2
斯穆安伯格	2
钟采羲	2
刘震云	2
刘露	2
罗锦富	2
罗贯中	2
斯蒂芬妮	2
刘鸿声	2
斯蒂芬斯	2
初家晴	2
初晓	2
王大治	2
新凤霞	2
前田知惠	2
钟玲	2
罗西	2
栾元晖	2
加德纳	2
加普	2
钟欣凌	2
加格农	2
罗芸	2
方子璇	2
动画设计	2
方家煌	2
方展发	2
劳吉亚	2
覃恩美	2
劳莱丝	2
勾峰	2
方志友	2
罗美玲	2
钟国雄	2
钟凯	2
北村丰晴	2
钟保罗	2
區瑞強	2
金顺子	2
罗璧玲	2
梅耶斯	2
华盛顿	2
卓别林	2
卓胜利	2
施京明	2
罗燕	2
施宁	2
南贤俊	2
博尼	2
卡伦德	2
卡勒姆	2
卡卡	2
潘星谊	2
杰弗里	2
卡特	2
金钟国	2
施祖男	2
卢业瑂	2
杰德里克	2
旦枝姬	2
金载沅	2
卢大伟	2
昂和妮玛	2
罗海琼	2
易小寅	2
罗洛	2
卢思佚	2
易烊千玺	2
金素梅	2
潘斯林加姆	2
金素妍	2
罗永浩	2
卢爱伦	2
是元介	2
王嘉	2
晨阳	2
罗晋	2
申彩儿	2
解蕾	2
罗昱焜	2
罗斯曼	2
潘慧如	2
杰珂	2
柯宇伦	2
杰瑞德	2
古古	2
曲婉婷	2
曲桐雨	2
谢贤	2
古明华	2
罗恩	2
金桢勋	2
古皮利	2
古铁雷斯	2
金晶	2
金晓俊	2
罗德元	2
金志文	2
金尚浩	2
金宏	2
史力嘉	2
永井一郎	2
潘宏彬	2
金子	2
罗尔	2
王启光	2
曹蕾	2
罗宾森	2
金允石	2
金俊浩	2
叶一云	2
沃顿	2
叶京	2
罗姆	2
叶佩雯	2
王吉甩	2
谢苗	2
罗塞莉	2
王厦	2
里兹	2
释小虎	2
罗兰佐	2
鄂布斯	2
郭雪萌	2
王博文	2
叶玉萍	2
曾韵蓁	2
罗伯	2
木村佑一	2
叶羿君	2
王华英	2
木村昴	2
叶锐洪	2
郭羡妮	2
本哈德	2
郭笑	2
司徒慧焯	2
司汗	2
司源	2
吉丽	2
吉克隽逸	2
林继东	2
沃特斯	2
王千一	2
郭月	2
郭敬明	2
朱俊丞	2
郭政建	2
吉米	2
许可嘉	2
维森特	2
朱厚任	2
向云	2
向云鹏	2
向佐	2
维拉	2
吕一	2
朱妙贵	2
维尔克	2
王凯蒂	2
维吉妮	2
维他亚	2
王冰	2
吕晓霖	2
郭嵩涛	2
吕毅	2
郭峰	2
田雨橙	2
吕珊	2
沃尔夫	2
吕红	2
王兵	2
郭子健	2
松明	2
吕雪凤	2
郭可盈	2
王光良	2
王光权	2
吴云飞	2
朱自清	2
纪姿含	2
王健	2
吴优	2
约翰森	2
朱莉亚	2
王俊凯	2
郝文婷	2
郝岩	2
王侠	2
谢老四	2
朱雀橙	2
王佳音	2
朱龙广	2
林美贞	2
吴卓羲	2
红太狼	2
朴哲民	2
朴寒星	2
朴政学	2
朴树	2
吴国敬	2
朴灿烈	2
吴天心	2
朴熙顺	2
朴韩星	2
索非亚	2
索朗尼玛	2
索朗卓嘎	2
郑莎莎	2
李东学	2
汪汐潮	2
汪普泽	2
郑正秋	2
吴少刚	2
李丽蕊	2
郑星	2
李九霄	2
李云迪	2
田雨晴	2
梅塞德罗	2
林伟健	2
李代沫	2
李会	2
林伟图	2
吴振天	2
林佑威	2
吴文忻	2
李佳	2
吴旭东	2
潘妮蒂尔	2
李佳怡	2
郑敬基	2
汪奇	2
潘之敏	2
吴智昊	2
吴有才	2
李依玲	2
吴楠	2
栗山千明	2
田源	2
吴浇浇	2
郑惠馨	2
吴浩康	2
吴珊卓	2
吴瑞君	2
郑忠	2
郑志伟	2
米明杰	2
李倩妮	2
米尔黑	2
郑家纯	2
李健生	2
米尔斯	2
李元霸	2
李元鹏	2
郑家星	2
梁玉瑾	2
郑宝石	2
郑宜农	2
吴靖萱	2
郑宇成	2
李军	2
郑国霖	2
郑君绵	2
郑卫莉	2
周亚平	2
田村高广	2
汪圆圆	2
林元熙	2
郑伟	2
周力	2
米亚	2
郑人硕	2
周嘉亨	2
李千娜	2
周国宾	2
李华月	2
李卓远	2
李卓颖	2
周婷	2
周孝安	2
李发源	2
周小飞	2
周帅	2
周广超	2
李叶青	2
汪亚朝	2
郎祖筠	2
周德邦	2
李咏娴	2
周志辉	2
李品仪	2
周扬	2
李嘉存	2
王书麒	2
李嘉琪	2
李团	2
珍娜	2
王书勤	2
李大光	2
王乙竹	2
周木杨	2
田晓天	2
邹杨	2
李威尹	2
管乐	2
李婉华	2
邹承恩	2
周波	2
王乐乐	2
王丽媛	2
李季	2
李宁	2
周琦	2
周知	2
周祉君	2
邵胜杰	2
简慧真	2
邵昕	2
周立铭	2
周笑莉	2
梅兰尼	2
田成仁	2
李宜娟	2
李家成	2
李家福	2
周采詩	2
李家鼎	2
邵宏来	2
汤杨	2
周雨彤	2
邵夷贝	2
竹野内丰	2
邱萧婵	2
邱箫婵	2
李平	2
李幸芷	2
哈利	2
哈勃	2
格罗夫纳	2
李广斌	2
林司敏	2
邱泽	2
哈德里克	2
哈斯巴根	2
谢尔顿	2
李建华	2
邱木翰	2
哈米尔	2
王一楠	2
邱凯伟	2
邱世穗	2
谢宁	2
唐丽球	2
童蕾	2
唐佐辉	2
邦雅淑	2
梁音	2
梁爽	2
李志奇	2
邢傲伟	2
李志强	2
李志毅	2
章鑫	2
章申	2
章志直	2
唐杰忠	2
李思捷	2
邓楠	2
唐禹哲	2
唐素琪	2
唐紫睿	2
李思雯	2
邓梓峰	2
章小军	2
唐菀	2
李截	2
章婷婷	2
商忆沙	2
李承峰	2
喜羊羊	2
喜翔	2
章劼	2
邓小婷	2
邓宁	2
国歌	2
国永振	2
李文标	2
李文植	2
李斗一	2
玄彬	2
坎迪斯	2
李斯羽	2
埃尔莎	2
埃弗摩尔	2
埃德加	2
李时苑	2
窦智孔	2
培瑞兹	2
滕飞	2
窦唯	2
梁静茹	2
李明霖	2
穆勒雷尔	2
迪皮卡	2
查传谊	2
塔布	2
税洁	2
李星海	2
塚本高史	2
程青松	2
李晓波	2
李晔	2
池端玲名	2
李晨浩	2
李智勇	2
夏一瑶	2
格温妮斯	2
连伟健	2
夏力薪	2
迈尔斯	2
李李仁	2
李杨	2
夏宗佑	2
李林	2
谢圆	2
程思寒	2
李栋全	2
夏磊	2
夏祎	2
田小洁	2
达里	2
林颖	2
多尔顿	2
毛毛	2
多恩	2
李欢	2
特纳	2
李歌	2
特瑞沃	2
大原惠美	2
大山	2
李沛旭	2
程媛媛	2
达拉斯	2
梁进龙	2
谢伟杰	2
大村波彦	2
谢东燊	2
格林伯格	2
达伦	2
积阿迪	2
谈善言	2
辛鹏	2
李渊	2
秦祥林	2
奈杰尔	2
林肯	2
辛媛	2
奥利维耶	2
秦煌	2
秦焰	2
李炫臻	2
奥弗曼	2
李炳渊	2
奥盖斯特	2
车太贤	2
奥莉维亚	2
奥马尔	2
田中秀幸	2
妮可拉	2
诺拉	2
李玉峰	2
姚一奇	2
路易	2
姚二嘎	2
秦子涵	2
姚君	2
姚奕辰	2
李玲玉	2
路德	2
李琛	2
秦士德	2
路嘉欣	2
李琳琳	2
李瑞雪	2
李璐	2
特乔	2
姚盛	2
诸冈高裕	2
李祥祥	2
秦俊杰	2
姚雨鑫	2
赵露	2
梁烈唯	2
赵雷	2
姜寒	2
李红陶	2
科汉	2
赵雨菁	2
姜惠贞	2
科林斯	2
赵雄	2
姜昆	2
姜易宏	2
姜星丘	2
姜晓冲	2
姜欣雨	2
李维维	2
李罗	2
赵长军	2
科兰斯顿	2
赵荣	2
种丹妮	2
江老蔫儿	2
赵肖宇	2
姬麒麟	2
李至正	2
赵秀丽	2
威士肖	2
游艺湉	2
爱德	2
许韶洋	2
威廉	2
禹惠林	2
江约诚	2
赵玛娜	2
福尔迪	2
赵炳锐	2
林芊妤	2
娜塔莎	2
江生	2
娜真叶	2
李蕴	2
江琳琳	2
江汉	2
许还幻	2
李连义	2
孔庆三	2
祝士彬	2
班克劳夫特	2
李金铭	2
赵晨东	2
赵文龙	2
孔黛	2
甘国亮	2
孙亚军	2
许莹英	2
李长麟	2
赵文琪	2
毛坚	2
孙叮咚	2
甄文达	2
孙国豪	2
赵文俊	2
許傑輝	2
游安顺	2
孙尧东	2
李颖	2
李飒	2
孙德林	2
孙心娅	2
赵擎	2
赵怡文	2
许美珍	2
赵思园	2
赵志诚	2
确赛	2
孙楠	2
孙欣	2
孙波	2
孙浩	2
赵志凌	2
江易珈	2
林晨	2
孙祖扬	2
焦波	2
赵寅成	2
赵宁宇	2
杜安琪	2
杜宝宇	2
赵奔	2
赵叶索	2
石灵	2
石明妈	2
赵冉	2
瓦雷拉	2
孙黎	2
格兰莫	2
孟广美	2
赵会南	2
赵亚男	2
孟瞳迪	2
杜洋	2
孟耿如	2
石原里美	2
赫立德	2
孟鹏	2
杜源	2
季勤	2
季天笙	2
瓦拉赫	2
赫尔伯格	2
梁竟依	2
杜维瀚	2
杜语庭	2
西德尼玛	2
安又琪	2
龙铭恩	2
安吉拉	2
珍妮佛	2
西尔斯	2
龙天生	2
齐超	2
赖迦童	2
裴艳玲	2
玛西	2
安德鲁	2
温汉	2
裴唯莹	2
安泽豪	2
齐欢	2
毕彦君	2
瓦妮莎	2
梁景东	2
裘恩典	2
袁霞	2
安静	2
安韩瑾	2
齐中旸	2
宋仲基	2
齐世龙	2
黑皮	2
黑木真二	2
宋保义	2
黎诺懿	2
宋妍霏	2
黎瑞恩	2
宋小宝	2
袁珊珊	2
袁满	2
宋方	2
杨一威	2
玛丽安妮	2
黎志豪	2
赖艺	2
袁晓超	2
黎妍	2
瞿友宁	2
宋祖儿	2
黄鹤	2
宋茜	2
袁国庆	2
黄造时	2
袁嘉敏	2
宋阳	2
宗利群	2
袁凯	2
王鹤润	2
宝丽娜	2
宝拉	2
黄西田	2
黄裕翔	2
黄蕾	2
赖琳恩	2
袁伟豪	2
袁之正	2
寇家瑞	2
寇振海	2
袁丛美	2
黄美棋	2
黄秋燕	2
封顺	2
黄炜	2
小二	2
黄灿灿	2
黄淑仪	2
黄河清	2
藤冈靛	2
赖晓生	2
赖拉	2
黄梅莹	2
小彬彬	2
黄柏钧	2
小柳友	2
薛芷伦	2
小泉今日子	2
渡濑恒彦	2
薛皓文	2
黄智强	2
小野	2
小麒麟	2
黄明慧	2
黄新	2
王雨	2
尚华	2
梁明	2
薛宝鹤	2
尚铁龙	2
王阳明	2
王长虹	2
尤嘉	2
黄怀晨	2
盛朗熙	2
灰太狼	2
黄忆慈	2
黄征	2
黄岳泰	2
涂门	2
蔡黄汝	2
尹昭德	2
蔡颖恩	2
尹治	2
黄子腾	2
黄子佼	2
王鑫	2
尹馨	2
黄婉伶	2
黄娟	2
蔡纬嘉	2
王连生	2
尼迪裴善官	2
黄嘉千	2
黄嘉乐	2
屈峰	2
黄哈	2
屠洪刚	2
屠育玮	2
蔡灿得	2
蔡明修	2
山寺宏一	2
蔡明亮	2
贾静雯	2
山德斯	2
蔡明丽	2
蔡昌宪	2
岑丽香	2
许玮甯	2
杨凤良	2
黄俊淇	2
岑珈其	2
江口洋介	2
岩松信	2
蔡志强	2
蔡康永	2
黄一琳	2
蔡岳勋	2
黃又南	2
麦雪雯	2
崔哲铭	2
崔始源	2
贾璐	2
崔斌	2
蔡安安	2
蔡宇	2
麦子乐	2
崔璨	2
游军	2
崔福生	2
许正庭	2
崔超明	2
蔡依林	2
川原	2
左夏初	2
麦咏麟	2
林江国	2
左昕祺	2
左立	2
麦卡锡	2
海波	2
杨地	2
巨焕仓活佛	2
麦伟章	2
巩峥	2
殷叶子	2
蓝奕邦	2
鲍比	2
鲍春来	2
盖奕	2
鲍方	2
杨天翔	2
巴堤	2
王莹	2
巴库拉	2
杨奇煜	2
贾森	2
鲍尔	2
杨婷	2
巴特勒	2
鲍国安	2
林超荣	2
鲁直	2
巴纳德	2
盖勒	2
王若伊	2
贾志超	2
布克维奇	2
布兰奇	2
蒙嘉慧	2
鲁园	2
江华	2
蒙伟明	2
布拉德利	2
蒋露霞	2
魏隽展	2
布林	2
魏玉海	2
王芸	2
布热津斯基	2
布瑞克	2
布莱丝	2
魏子昕	2
魏千翔	2
王艳	2
蒋宝英	2
布莱迪	2
高远	2
高蓓蓓	2
高菲	2
高珑珂	2
浅野长英	2
蒋中炜	2
林浩	2
蒋中伟	2
贾孝国	2
希思黎	2
瑞秋	2
蒂莫西	2
蒂巴	2
蒂埃里	2
帕塔奇	2
帕塔尼	2
派珀	2
江全	2
王美雪	2
高宝云	2
王美华	2
常小婧	2
常戎	2
高健	2
常晋	2
高以翔	2
常江	2
常海波	2
高一玮	2
王紫璇	2
常诚	2
骆力炜	2
骆佳	2
平安	2
马雯	2
庄凯勋	2
马陋夫	2
杨幼安	2
杨延晋	2
库伯	2
马迎春	2
马赫沙拉	2
马蒂亚斯	2
梁庆刚	2
马萌	2
杨志刚	2
葛红霖	2
葛思然	2
贾一平	2
葛布	2
瑞斯	2
康纳利	2
葛夏	2
庾澄庆	2
廉晶雅	2
王秋紫	2
廖亮	2
廖健	2
马燕	2
武林	2
马海峰	2
洪涛	2
廖有梁	2
马比斯	2
廖苡乔	2
萨布	2
延政勋	2
萨姆	2
马树超	2
弗拉纳根	2
弗朗西斯	2
弗朗西斯卡	2
贺运乐	2
马景涛	2
萨克斯	2
弗雷德	2
萧蔷	2
马斯瑟	2
瑞德	2
马斯晨	2
杨新鸣	2
马志明	2
张丹峰	2
张乃元	2
马库	2
马少骅	2
杨旭文	2
张云立	2
马少华	2
张亚东	2
张京	2
杨旸	2
洪智杰	2
王琳娜	2
张会忠	2
马可法莱恩	2
张伦硕	2
菲比	2
王珏	2
林雨宣	2
武拉拉	2
马军勤	2
许嵩	2
马兴春	2
菲尔斯	2
菲奥纽拉	2
马佳	2
张兴超	2
马佐斯基	2
贺彬	2
孔垂楠	3
丁一宇	3
丁丁	3
孔孝真	3
王频	3
黄海冰	3
丁嘉莉	3
黄海波	3
王骁	3
丁志城	3
孔铭	3
丁惟敏	3
丁拉基	3
王骏毅	3
黄礼格	3
黄立成	3
万丹青	3
王鲁	3
黄自强	3
袁乙心	3
黄莺	3
孙天宇	3
三浦研一	3
孙宁	3
不正仔	3
丛志军	3
袁奇峰	3
孙建魁	3
袁小田	3
严栩慈	3
袁弘	3
黄龄	3
黎一墨	3
温尚翊	3
黎小田	3
黎强根	3
温岚	3
黎骏	3
黑木瞳	3
玛奇	3
玛恩	3
孙艺洲	3
孙艺珍	3
黛安娜	3
孙菲菲	3
齐奎	3
齐志	3
梁智强	3
毕晓海	3
龙刚	3
乔杉	3
龙天翔	3
柴碧云	3
龙格尔	3
孟雨田	3
乾德门	3
龙梅子	3
龚格尔	3
宁宁	3
于小磊	3
龚洁	3
宁财神	3
于根艺	3
珍妮弗	3
西耶娜	3
安婕	3
安藤政信	3
宋明	3
宋智孝	3
于蓝	3
宋琇萱	3
宫泽理惠	3
于非	3
小山力也	3
亓达吉	3
小张铎	3
尤里	3
尹力	3
山德	3
岑勇康	3
岑小林	3
岛田阳子	3
崔志佳	3
崔碧珈	3
崔西	3
左时枝	3
左颂升	3
巴克利	3
代旭	3
巴图	3
巴恩斯	3
巴桑	3
巴森扎布	3
巴蒂斯塔	3
布丽	3
布基	3
希亚	3
希德勒斯顿	3
希恩	3
伊万斯	3
伊丽莎	3
帕波维尔	3
庄文强	3
庄濠全	3
伊安	3
庞塞拉	3
伊斯	3
伊春德	3
康康	3
康斯金尼	3
伊藤步	3
弗林	3
张一鸣	3
张世玉	3
张予曦	3
休斯顿	3
优恵	3
张京生	3
张信哲	3
张兆北	3
张凤翔	3
张勇手	3
张慧仪	3
张晓晨	3
张松枝	3
张楚	3
张殿伦	3
张永强	3
何可人	3
张洋洋	3
张浩	3
张煜雯	3
张玮	3
张立宪	3
何文辉	3
张芝华	3
张若昀	3
张萌	3
何泓姗	3
张进	3
张连文	3
张逗逗	3
张闽	3
张鹭	3
弦子	3
彦纳姆	3
彭冠英	3
彭博	3
余娅	3
彼德	3
徐刚	3
徐守莉	3
徐小凤	3
徐德亮	3
徐悦	3
余晓彤	3
余淼	3
徐立	3
徐靖雯	3
徐韬	3
徐骥沄	3
德莱福斯	3
怀特	3
戴夫	3
戴子翔	3
侧田	3
侯剑	3
戴尔	3
扎西	3
托宾	3
侯耀华	3
托瑞	3
拉尔森	3
支一	3
敏卡	3
敖嘉年	3
文梦洋	3
文英	3
斯特吉斯	3
斯特朗	3
施展	3
施建岚	3
施诗	3
易薇	3
普拉特	3
普罗尔	3
智一桐	3
暂无	3
曲双双	3
曲高位	3
曹永廉	3
曹涤非	3
曾一哲	3
朱丹	3
朱军	3
朱晓辉	3
克塞	3
朱洁仪	3
朱镇模	3
朴仁焕	3
李亚鹏	3
李亭哲	3
李伟	3
李佑晨	3
李佳奇	3
李依晓	3
克雷蒙	3
李依馨	3
李俊基	3
李光复	3
李凡秀	3
李创锐	3
李国毅	3
兰登	3
李姝	3
李宛仪	3
李康宜	3
李建义	3
李彬	3
李忆兰	3
李昌元	3
李昕岳	3
李林金	3
李桃	3
关淑怡	3
李楠	3
李浩菲	3
冈村隆史	3
李海涛	3
李淑桢	3
李溯	3
李爽	3
冯四	3
冯国强	3
李玉刚	3
李相烨	3
李立宏	3
李芳淙	3
李茂	3
李萍	3
李辉	3
冯璤	3
李逸朗	3
李长华	3
李长江	3
李霄峰	3
李霞	3
李鞍	3
李颉	3
李默然	3
杜夫	3
杜晓宇	3
凌元	3
杜焕荣	3
来喜	3
杨凡	3
杨千霈	3
杨博	3
杨启天	3
杨子纯	3
凯蒂	3
凯贝尔	3
杨帆	3
刘世龙	3
杨思琦	3
杨政	3
杨晨	3
杨皓宇	3
杨盼盼	3
杨若兮	3
杨蕊	3
杨议	3
杨雪仪	3
刘侠声	3
杨鸥	3
刘信义	3
杰克逊	3
杰梅奈	3
杰西达邦	3
杰里米	3
刘刚	3
刘利年	3
刘勇	3
林二汶	3
刘向京	3
林兆霞	3
林大竣	3
林宥嘉	3
林强	3
林德信	3
林晓凡	3
刘威葳	3
林玟谊	3
林珍奇	3
林盛斌	3
林筱筠	3
刘宇静	3
林耀声	3
林芮西	3
珠玛	3
陆双	3
刘宸希	3
解元	3
解衍	3
詹佳	3
理查德森	3
刘小溪	3
梁汉文	3
刘序浩	3
许凝	3
毛俊辉	3
许玮宁	3
游大庆	3
甘婷婷	3
许雅婷	3
许魏洲	3
诺斯沃迪	3
谢伊	3
毛晓彤	3
田壮壮	3
田子田	3
刘晓光	3
田少军	3
毛瑞尔	3
谢玲玲	3
梁琤	3
梁祖尧	3
刘欣	3
谢雨欣	3
潘泰名	3
谭杰希	3
白卉子	3
汉森	3
刘洲成	3
潘石屹	3
白梓轩	3
刘海镇	3
刘涛	3
白燕升	3
贝克利	3
费儒	3
刘玉婷	3
白露娜	3
白静	3
潘霜霜	3
刘琼	3
皮文	3
皮特	3
贾宏声	3
刘碧丽	3
贾晓晨	3
盖克	3
贾玲	3
盖尔利	3
盖德	3
赖佩霞	3
炎亚纶	3
刘艺	3
盛鉴	3
格兰特	3
石兆棋	3
刘莉莉	3
赫斯顿	3
赫玛永	3
石周靓	3
江明	3
刘谦	3
石晨	3
焦晃	3
赵圆圆	3
刘锡贤	3
刘锦玲	3
赵子琪	3
赵学而	3
石班瑜	3
石琳	3
焦阳	3
祁扬	3
刘韦伯	3
祁琪	3
赵明义	3
赵春羊	3
赵晓明	3
赵曼竹	3
查克利	3
加朵	3
赵楚仑	3
赵秀玲	3
爱戴	3
劳伦斯	3
劳拉	3
赵铭	3
包文婧	3
赵银淑	3
牛顿	3
赵雪妃	3
科里	3
赵鸿飞	3
赵龙豪	3
路辉	3
车玉璐	3
南燕	3
特拉乌	3
达诺	3
池华琼	3
卡索	3
连姆	3
迟佳	3
道格拉斯	3
邓兆尊	3
章小蕙	3
汤嬿	3
邬倩倩	3
邰智源	3
梁韵蕊	3
童超	3
汤志伟	3
邱建国	3
邱彦翔	3
邱晔	3
邱璐璠	3
邱翊橙	3
厄沙迪	3
邵万林	3
原子鏸	3
王东方	3
原雨	3
反町隆史	3
汤晶媚	3
邵庭	3
郁芳	3
管羽	3
古德曼	3
玄英	3
古柏勒	3
汤龙	3
郑则士	3
米基	3
米娜	3
史久峰	3
史兰芽	3
王伟	3
郑容和	3
郑少萍	3
郑德	3
郑振瑶	3
郑文辉	3
郑晓婉	3
郑智薰	3
史鲍尼	3
郑有杰	3
米铁增	3
郑秀妍	3
郑锡勇	3
叶兰	3
郑雪儿	3
汪漪	3
叶小铿	3
郝好	3
郝平	3
叶思浵	3
郝柏杰	3
郭伟亮	3
叶竞生	3
纪敏佳	3
郭姝彤	3
沃尔什	3
维斯特维克	3
郭振锋	3
郭明翔	3
吉奥弗瑞	3
缪非临	3
沃森	3
郭法曾	3
罗云熙	3
郭蔼明	3
郭鑫	3
郭锦恩	3
后藤久美子	3
王卡姆劳	3
金依萌	3
金俊成	3
罗尔夫	3
吕云骢	3
罗彬	3
金正泰	3
金海淑	3
金秀路	3
吕燕	3
吕玉来	3
王嘉佳	3
金荷娜	3
罗温	3
罗玉婷	3
金雅琴	3
王均康	3
钟丽淇	3
沈凯	3
钟景辉	3
吴京安	3
钟超	3
钮宝平	3
吴倩	3
钱学格	3
钱德尔	3
钱月笙	3
梦丽	3
王姊姊	3
铁牛	3
长谷川博己	3
闫薇儿	3
翟天临	3
翟小兴	3
阳关男孩	3
阿KEN	3
阿尔文	3
王学伟	3
桑妮	3
柯德涛	3
阿穆隆	3
阿美尔	3
王宗泽	3
阿达	3
阿金斯	3
陆彭	3
菲利普斯	3
王小凤	3
陆昱颉	3
陆树铭	3
陆永	3
肯尼	3
吴彦姝	3
陆琦蔚	3
陆翊	3
沈涛	3
陆雨萱	3
胡亚捷	3
陈一诺	3
王小虎	3
陈之财	3
沈畅	3
陈关泰	3
陈又新	3
陈嘉上	3
陈嘉俊	3
陈嘉宝	3
胡梦媛	3
陈奂仁	3
陈好	3
陈妙瑛	3
胡海泉	3
吴肇轩	3
陈宇	3
胡然	3
王思佳	3
王思思	3
陈庆祥	3
王思怡	3
陈德容	3
王思聪	3
吴雪雯	3
舍治	3
陈慧敏	3
陈慧珊	3
艾丽西卡	3
王成阳	3
樊俊航	3
周伯勋	3
陈木易	3
艾威	3
周凋	3
艾德里安	3
周咏轩	3
艾恩斯	3
王文博	3
王新军	3
王昌娥	3
周家怡	3
陈海恒	3
周征波	3
陈淑芳	3
周志强	3
艾肯	3
陈滢	3
陈炳强	3
艾金森	3
陈紫函	3
陈继铭	3
王晓棠	3
陈美琪	3
陈翔	3
陈肖依	3
王曼妮	3
波瓦	3
苏岩	3
苏慧伦	3
陈轶	3
周洁	3
陈都灵	3
苏林	3
王柠	3
王栎鑫	3
王梓	3
陈颖欣	3
苏瓦丽	3
王梓桐	3
泰森	3
林鸿铭	3
陶传正	3
苏鑫	3
王森	3
苏青	3
欧塞维奥	3
泽田谦也	3
苗雅宁	3
王正方	3
品冠	3
雷佳音	3
苟芸慧	3
雷思颖	3
雷欧	3
雷琛瑜	3
雷震	3
哈灵顿	3
范军	3
霍帕	3
哈莉	3
霍政谚	3
露云娜	3
唐从圣	3
范楚绒	3
范玮琪	3
靖奎	3
靳美玲	3
唐宸禹	3
王洁曦	3
唐小然	3
韩善续	3
柳健	3
欧阳娜娜	3
唐治平	3
唐溢	3
莫岐	3
韩雨洁	3
莫斯科	3
顾冠忠	3
顾小白	3
商蓉	3
洪天海	3
喻舟	3
顾长卫	3
欧阳震华	3
颜北	3
图齐	3
莱文	3
坣娜	3
埃格顿	3
莱诺	3
饶薇	3
王玉璋	3
基特	3
柳善	3
堂娜	3
塔伦	3
菲利普	3
马健	3
马君	3
王琛	3
马国亮	3
马国伟	3
马国明	3
马如龙	3
马尔斯	3
夏于乔	3
马恺曼	3
夏占士	3
夏嘉伟	3
马文龙	3
马新春	3
葛天	3
洪秀儿	3
葛蕾	3
马诺洛维克	3
马里奥	3
夏韶声	3
洪融	3
马頔	3
董博文	3
林龙麒	3
高丽雯	3
高云翔	3
高伟	3
大庆	3
董志华	3
董敏莉	3
董文军	3
高宝宝	3
董维嘉	3
高旗	3
派特察泰	3
高泰宇	3
高浩元	3
高良健吾	3
蒋可	3
浦蒲	3
奥图	3
蒋婧	3
王良	3
魏伊	3
奥立薇娅	3
王艺禅	3
妮娜	3
蒋雯	3
鲁振顺	3
姚卓君	3
姚姝	3
鲁本	3
王茜	3
鲍姆加特纳	3
王菁华	3
蓝心湄	3
蓝洁瑛	3
王薇	3
姚淳耀	3
麦克马洪	3
姚芊羽	3
姚采颖	3
姜南	3
麦惠芬	3
蔡升晏	3
王识贤	3
蔡国庆	3
姜康哲	3
姜成镐	3
麦玲玲	3
黄义达	3
黄习恒	3
海顿	3
蔡文静	3
蔡景森	3
黄凯	3
姜雯	3
姜鸿波	3
王辰昊	3
黄姿琪	3
黄家强	3
黄小燕	3
黄建新	3
威廉姆	3
薇兹	3
薛之谦	3
王雷	3
薛白	3
黄智贤	3
黄杨	3
渡边谦	3
黄榕	3
孔千千	3
尤翠玲	4
胡杏儿	4
哈维尔	4
丁嘉力	4
李宗盛	4
徐向东	4
潘清福	4
丁春诚	4
唐娜	4
罗素	4
万国鹏	4
杨金承	4
王彩桦	4
徐小琴	4
陈升	4
邹倚天	4
罗芙洛	4
申贤俊	4
严彦子	4
方子哥	4
陈创	4
中孝介	4
中村狮童	4
中泉英雄	4
陈刚	4
翟巍	4
桑托罗	4
图克尔	4
图特哈蒙	4
在熙	4
乌尔里奇	4
杨雁雁	4
李国麟	4
胡坚强	4
基里安	4
塔克	4
塔拉吉	4
赵文瑜	4
西波里特	4
龙飞	4
乔翰	4
李静	4
赵抒音	4
栗原小卷	4
墨阳	4
安德里亚	4
徐杰	4
夏志珍	4
裴斗娜	4
玛莎	4
安纳托	4
李鹤楠	4
村里	4
杜丽莎	4
多诺费奥	4
于震	4
杜俊泽	4
宋伟	4
杜克	4
李力	4
李凤绪	4
大张伟	4
玛吉欧	4
米兰达	4
黎应就	4
王人美	4
米勒	4
付梦妮	4
宋梓侨	4
胡因梦	4
李准基	4
奈伊	4
奚梦瑶	4
杜娟	4
任言恺	4
奥图尔	4
阮民安	4
宋茹惠	4
袁和平	4
伊一	4
李冠毅	4
郑在石	4
赵宝刚	4
王鹏	4
伊武雅刀	4
寇世勋	4
黄耀明	4
赵子岳	4
黄真真	4
小克利夫顿	4
伯克夫	4
伯奇	4
伯恩	4
伯恩斯	4
黄瀞怡	4
李元玲	4
谢元真	4
赵君	4
淳于珊珊	4
李健	4
尔玛依娜	4
滕汝骏	4
何嘉莉	4
何家劲	4
尚雯婕	4
徐林格	4
薛仕凌	4
何晶晶	4
尹国华	4
威丁顿	4
何浚尉	4
黄幻	4
威尔	4
柴格	4
杜旭东	4
尹昉	4
母其弥雅	4
文森	4
胡凯莉	4
娜塔莉	4
黄子扬	4
余思潞	4
余慕莲	4
子义	4
孔二狗	4
林蛟	4
余秋瑶	4
殷桃	4
涂中如	4
佟磊	4
孔连顺	4
佩纳	4
孙一理	4
孙亮	4
侯岩松	4
保剑锋	4
白冰冰	4
黄华和	4
海鸣威	4
孙周	4
山本圭	4
孙建弘	4
孙怡	4
石天琦	4
杜沁怡	4
孙文婷	4
岳秀清	4
岳红	4
殷果儿	4
王诗槐	4
孙磊	4
徐正超	4
崔杰	4
米西	4
殷有璨	4
崔民秀	4
巍子	4
海清	4
左翎	4
孟佳	4
左雯璐	4
克林斯	4
麦克吉尔	4
克莱门特	4
王蓓	4
鲍里托	4
索努	4
宁浩	4
李万年	4
克鲁兹	4
郑融	4
巫启贤	4
八两金	4
巴哈古丽	4
兰德尔	4
索拉	4
谭希和	4
索朗多吉	4
关宏达	4
权相宇	4
王余昌	4
巴森	4
巴登	4
肯诺恩斯	4
巴纳	4
巴里	4
王苏娅	4
祝希娟	4
杨静怡	4
布拉德	4
谢孟伟	4
布朗	4
王佳杰	4
朴勇宇	4
赵正平	4
许杰辉	4
蒋雅文	4
票爷	4
王艺嘉	4
魏大勋	4
蒋怡	4
高群书	4
王聃葳	4
帕克斯顿	4
冯馨瑶	4
谭嘉荃	4
毛永明	4
杜琪峰	4
李菲	4
高放	4
董璇	4
派勒	4
高天	4
凯斯	4
帕瑞福特	4
杨丽坤	4
刘丹	4
常方源	4
刘云天	4
真田广之	4
赖清炎	4
许芳宜	4
高丽虹	4
林忆莲	4
王紫潼	4
刘俊纬	4
肖雨雨	4
杨丽萍	4
马骥	4
刘冯合欢	4
格伦	4
刘品言	4
李耀明	4
平田康之	4
刘天池	4
库玛尔	4
朱珠	4
马西娅	4
刘子枫	4
王笑天	4
汪铎	4
庞学勤	4
廖子妤	4
郭妃丽	4
廖峻	4
刘小东	4
萨日娜	4
武文佳	4
刘小慧	4
刘小锋	4
廖蔚蔚	4
弗兰妮	4
杨佳宁	4
刘忠良	4
洪海天	4
萧瑶	4
萧玉龙	4
张之亮	4
萧正楠	4
朱德承	4
贾致钢	4
刘晏辰	4
洪晓熙	4
张会中	4
林彬	4
刘校妤	4
牛飘	4
贾登	4
刘永健	4
张佳楠	4
张光	4
马上又	4
牟森	4
颜正国	4
杨子珊	4
江道海	4
刘牧	4
维文	4
莫雷蒂	4
游本昌	4
刘璇	4
王澜霏	4
郭振清	4
谢晶晶	4
刘秀杰	4
朱健钧	4
顾永菲	4
贾宗超	4
李现	4
张娜拉	4
王源	4
路易斯	4
沈海蓉	4
张子萱	4
杨宝玲	4
梅拉尼	4
郭晓小	4
郭晓然	4
韩雯雯	4
刘钦	4
车保罗	4
阎青妤	4
韩秋池	4
欧阳妮妮	4
陆思宇	4
韩彩英	4
张小斐	4
利奥德	4
田朴珺	4
车秀妍	4
韩坤	4
加布里埃尔	4
张小燕	4
张小玲	4
荣益	4
辛明	4
辛普金斯	4
北村一辉	4
辛柏青	4
张山	4
张峻宁	4
潘晓婷	4
王洪祥	4
欧阳佩珊	4
秦越	4
卡洛斯	4
卡瑞尔	4
李涛	4
王洛勇	4
怪兽	4
谭倩红	4
王宗尧	4
卢宛茵	4
张恩齐	4
林秀玲	4
卢正雨	4
露西	4
卢淑仪	4
曾轶可	4
卢觅雪	4
达卡斯考斯	4
杨昆	4
厄布	4
张慧雯	4
张懿婧	4
古军	4
杨梓瑶	4
李泰	4
霍德集	4
范哈哈	4
叫兽易小星	4
郭锋	4
皮埃尔	4
柯奂如	4
斯特雷泽恩	4
张文蓉	4
史航	4
张晓龙	4
杨欣	4
雷特	4
雷明	4
王汝刚	4
鄢胜宇	4
配音	4
谭佑铭	4
叶大鹰	4
王毅	4
格温妮丝	4
雷凯欣	4
许君聪	4
雪村	4
张本渝	4
雨果	4
曾宝仪	4
张杨	4
连诗雅	4
罗北安	4
王正佳	4
苑新雨	4
王欢	4
程玉珠	4
陶红	4
吉拉多特	4
陶慧	4
吐依贡	4
王梦婷	4
曼恩	4
陶布曼	4
吕奇	4
迪力木拉提	4
贡米	4
张殿菲	4
成东镒	4
张洪杰	4
苏德	4
陈裕德	4
陈虎	4
李明启	4
潘迎紫	4
陈莹	4
王朔	4
张爱钦	4
吴俊余	4
金勤	4
吴克羣	4
金十二	4
张琪	4
陈苏	4
陈芷菁	4
汤姆林	4
曹荣	4
吴卓翰	4
梁又琳	4
曹翠芬	4
阿特金斯	4
阿朵	4
模特	4
吴天昊	4
吴天明	4
张瑞芳	4
梁冠华	4
陈红	4
白石千	4
耿晨晨	4
潘之琳	4
王晓彤	4
戴琳斯	4
李成儒	4
张皓然	4
斯坦利	4
张睿玲	4
戴维森	4
吴志远	4
艾飞	4
诺克斯维尔	4
陈琪琪	4
邓紫棋	4
张籽沐	4
张纯芳	4
杨能	4
柯淑勤	4
阿克谢	4
阿信	4
李志舆	4
艾米丽	4
艾瑞克	4
罗慧娟	4
李志希	4
张美娥	4
金汎	4
提莉	4
罗文	4
罗斯	4
陈永忠	4
王敏奕	4
吴迪	4
温超	4
张莹	4
王振荣	4
邬立朋	4
普布顿珠	4
李律	4
王喜	4
周云蓬	4
张诗盈	4
李彩英	4
陈明	4
罗比	4
周大勇	4
罗永昌	4
阿伦德	4
谢理循	4
张金玲	4
陈思成	4
易小星	4
陈志辉	4
托比	4
罗浩楷	4
张雪迎	4
周晓欧	4
腾格尔	4
明道	4
柏青	4
王嘉明	4
王一鸣	4
时诗	4
陈建彬	4
陈建州	4
陈小龙	4
托比亚斯	4
文隽	4
陈小艺	4
理查森	4
陈宇凡	4
白敬亭	4
罗登	4
谭炳文	4
方超	4
周逵	4
周采诗	4
周里京	4
周野芒	4
林一峰	4
陈女燕溪	4
王培	4
方芳	4
杨迪	4
哈奈特	4
潘托里亚诺	4
哈德	4
哈德森	4
哈斯高娃	4
吕行	5
徐经纬	5
赵韦至	5
丁建华	5
丁志诚	5
甘薇	5
丁海峰	5
王小毅	5
徐涛	5
王彤	5
李琳	5
吴克群	5
彼特	5
吴其江	5
王志华	5
彭冠期	5
路斯明	5
李玟	5
杨谨华	5
彭丹	5
陈宝辕	5
王志飞	5
张鲁一	5
胡谦	5
张锦程	5
吴宇森	5
陈怡蓉	5
林迪安	5
陈慕义	5
陈敏之	5
陈文媛	5
张辉	5
陈昊	5
陈晓卿	5
陈果	5
于小伟	5
杨莹	5
于朦胧	5
王斑	5
李湘	5
辛芷蕾	5
于美人	5
梁赫群	5
陈治良	5
吴明轩	5
吴昕	5
陈洁	5
吴晴	5
边原	5
艾米莉	5
张立	5
吴浣仪	5
林逸欣	5
张睿羚	5
芙蓉姐姐	5
张璐	5
贝利	5
樋口明日嘉	5
苍井空	5
贝宁	5
王智	5
波特曼	5
陈萍	5
吴静一	5
吴飞霞	5
苏志威	5
潘迪华	5
张海燕	5
伊娜	5
杨紫婷	5
陈键锋	5
贝瑞	5
贝纳尔	5
陈鸿梅	5
陈鸿烈	5
迈克	5
泰瑞斯	5
周振辉	5
何伟	5
杨渝渝	5
张杨果而	5
苗皓钧	5
李曼筠	5
英壮	5
周月	5
连奕名	5
雷洪	5
霍华德	5
欧豪	5
范湉湉	5
张惠中	5
范雷	5
张恒	5
韦斯	5
张帆	5
荣仓奈奈	5
张宁江	5
莎朗	5
周群达	5
韩英杰	5
韩雪薇	5
莫瑞兹	5
顾宝明	5
颜丹晨	5
颜仟汶	5
盖伊	5
欧阳靖	5
哈登	5
杨子	5
穆立新	5
火星	5
张冰玉	5
张先衡	5
张佑赫	5
倪慕斯	5
马可	5
王琳	5
倪萍	5
萧亚轩	5
萧敬腾	5
梁焯满	5
马强	5
萧炳林	5
储智博	5
马志威	5
盖瑞	5
李政宰	5
埃里克	5
弗格森	5
弗兰克	5
马祖斯基	5
塞思	5
康恩赫	5
塞维尔	5
李承炫	5
废除	5
葛香亭	5
李悦铭	5
杨亚洲	5
杨丽音	5
马隆	5
关佩琳	5
关咏荷	5
许戈辉	5
常铖	5
赖梵耘	5
邓紫飞	5
高圣远	5
柳海龙	5
王翀	5
大左	5
冯丹滢	5
帕拉特	5
大森南朋	5
冯嘉怡	5
童冰玉	5
天天	5
高正	5
蒂尔	5
奇梦石	5
奇道	5
帕丽斯	5
希尔顿	5
师小红	5
布鲁诺	5
蒋志光	5
姚乐怡	5
赫德兰	5
冯骏骅	5
姚安琪	5
姚文雪	5
凌波	5
姚明	5
布朗特	5
鲁克	5
布兰登	5
童自荣	5
巴特尔	5
麦兆辉	5
姜峰	5
王一博	5
蓝盈莹	5
麦克法兰	5
左小青	5
姜瑞佳	5
蔡元元	5
崔林	5
蔡安荞	5
麦迪娜	5
蔡明	5
邱心志	5
涂世旻	5
杜江	5
屈中恒	5
娜塔丽	5
尼尔森	5
刘宪华	5
孔晓振	5
黄姵嘉	5
尹铸胜	5
尹素怡	5
王钟	5
黄子韬	5
尹正	5
黄宗洛	5
孙敬媛	5
孙晔	5
李尚正	5
刘斌	5
黄宗迅	5
赵军	5
刘易斯	5
邵仲衡	5
杜志国	5
孙维民	5
柯一正	5
薇薇卡	5
李小萌	5
王霄	5
杜少津	5
小彩旗	5
林栋甫	5
杜家毅	5
寺岛进	5
简嫚书	5
刘玉翠	5
刘琳	5
衣依	5
黄经汉	5
刘磊	5
寺岛忍	5
王鸥	5
宣萱	5
宣璐	5
袁信义	5
林晖闵	5
李铭顺	5
林暐恒	5
黄镫辉	5
赵家玲	5
刘薇	5
宋芸桦	5
宋承宪	5
李娜英	5
宋冬野	5
宋伊人	5
刘雨欣	5
刘雪华	5
赵慧仙	5
安妮特	5
王云飞	5
温玉娟	5
林子杰	5
加内特	5
米拉	5
李佳航	5
劳伦	5
艾丽西亚	5
汪峰	5
区文诗	5
郑毓芝	5
李丁	5
索维诺	5
梅小惠	5
朱虹	5
谢承均	5
格雷	5
郭柯宇	5
本特利	5
卢夫斯	5
未知	5
格雷尔	5
郭艳	5
赵毅维	5
郭雪芙	5
赵硕之	5
曾恺玹	5
王同辉	5
原岛大地	5
曹炳琨	5
赵美彤	5
曹格	5
曹操	5
叮当	5
金惠秀	5
罗德里格	5
格雷格	5
曹健	5
金梓壑	5
曲云	5
春晓	5
史蒂芬	5
叶世荣	5
叶伟信	5
西蒙斯	5
施威格	5
金铭	5
叶山豪	5
方舒	5
谢芳	5
方励	5
方保罗	5
叶荣祖	5
斯通	5
斯蒂勒	5
叶青青	5
斯克林	5
申军谊	5
长谷川京子	5
吉尔古德	5
吉布森	5
巩汉林	5
沈婷婷	5
阮兆祥	5
拉金	5
阳蕾	5
戴维	5
戴向宇	5
吕有慧	5
阿部力	5
肖聪	5
肖辉	5
丁勇岱	6
张燊悦	6
丁子峻	6
施予斐	6
鲍振江	6
杨凯迪	6
陈少霞	6
三浦春马	6
拉妲	6
张驰	6
周秀兰	6
原丽淇	6
鲁诺	6
丹尼	6
班赞	6
谭维维	6
朱宏嘉	6
潘灿良	6
金星	6
李烈	6
张俪	6
胡夏	6
龙劭华	6
乔奇	6
朱媛媛	6
乔恩	6
唐小喜	6
陈佩珊	6
唐纳德	6
买红妹	6
辉灿	6
安德森	6
安心亚	6
唐群	6
李淳	6
杜淳	6
沈达威	6
于莎莎	6
许飞	6
杨诗敏	6
达丽尔	6
沈傲君	6
达兹	6
塔格马奥	6
亚历山大	6
安钧璨	6
塞斯	6
塞缪尔	6
柏安妮	6
李洪涛	6
达式常	6
代乐乐	6
刘继群	6
曹议文	6
袁苑	6
刘美君	6
郑元畅	6
李天济	6
黄鸿升	6
袁岳	6
林庆台	6
杨威	6
伊尔凡	6
温升豪	6
夏天	6
陈志荣	6
斯蒂尔斯	6
大冢匡将	6
李曼铱	6
布劳德本特	6
易立	6
曹力	6
王仁君	6
奥布莱恩	6
何启南	6
宋运成	6
狄波拉	6
姚安濂	6
权相佑	6
洪卓立	6
浦克	6
姚橹	6
刘谦益	6
李克纯	6
姜宏波	6
何韵诗	6
澎恰恰	6
程野	6
贝安琪	6
缪婷茹	6
张钧涵	6
琦琦	6
黄立行	6
杨菁菁	6
黄玲	6
韩小磊	6
张安琪	6
可汗	6
道尔顿	6
春夏	6
娜仁花	6
修杰楷	6
黄炳耀	6
尊龙	6
赵多娜	6
毛阿敏	6
黄泆潼	6
邓健泓	6
莉莉	6
舒适	6
朱丽娅	6
黄正利	6
林菀	6
孙淳	6
小杉健	6
孙祖杨	6
韩三明	6
刘龙	6
孙鹏	6
罗根	6
克莱尔	6
王大陆	6
李思蓓	6
陈美行	6
王戎	6
高洙	6
贾乃亮	6
江欣燕	6
潘丽丽	6
郝洋	6
李志雄	6
罗伯茨	6
雷汉	6
文颂娴	6
李保罗	6
阿德里安	6
里奇	6
邢吉田	6
王子	6
耐安	6
陶帅	6
童爱玲	6
李心艾	6
徐海乔	6
赵燕国彰	6
冯波	6
黄宗英	6
陈楚生	6
戴君竹	6
蔡鸿翔	6
杨玉梅	6
张良	6
冯铭潮	6
曹随风	6
查尔斯	6
泰勒	6
凯利	6
樊光耀	6
卡拉丁	6
王小山	6
柴崎幸	6
陈汉典	6
刘亚津	6
涂们	6
尼科尔森	6
林宗仁	6
屈菁菁	6
黄品源	6
杨紫	6
汉纳	6
曹阳	6
刘北辰	6
高露	6
石天龙	6
房子斌	6
李岷城	6
郑晓宁	6
卢卡斯	6
气壳	6
阿杰	6
王自健	6
王奎荣	6
刘小宁	6
李纬	6
石修	6
布雷克	6
苏小明	6
卢颂之	6
刘惠	6
肖雄	6
科洛	6
刘昌伟	6
覃文静	6
马恩然	6
王丽坤	6
李宏毅	6
帕特洛	6
马德森	6
董玉峰	6
董浩	6
吉飞龙	6
王维明	6
高保成	6
徐冬梅	6
吕颂贤	6
摩斯	6
高亚麟	6
陈圆	6
王心刚	6
吴天瑜	6
阿金	6
阿里	6
吴尊	6
阿部宽	6
吴建飞	6
马薇薇	6
库萨克	6
林海海	6
葛存壮	6
吴明才	6
萨瑟兰	6
恭硕良	6
梁修身	6
萨伊德	6
白云	6
肖剑	6
提摩西	6
周嘉玲	6
周奇奇	6
周姮吟	6
周弘	6
张书豪	6
王启赞	6
丁柳元	7
杰西	7
邹俊百	7
刘滢	7
许鞍华	7
丹尼尔斯	7
丹尼斯	7
鲁芬	7
翰苏	7
乔丹娜	7
车晓	7
安娜	7
李炜尚	7
秦豪	7
云顿	7
汪东城	7
玛拉	7
李海滨	7
亨利	7
徐松子	7
黄阅	7
黄锦江	7
布鲁斯特	7
张纹嘉	7
刘萌萌	7
黄远	7
郑嘉颖	7
米契尔	7
迪伦	7
佘诗曼	7
富大龙	7
陈保元	7
斯蒂芬	7
佩吉	7
仓田保昭	7
史可	7
修宗迪	7
陈丽云	7
谢安琪	7
李昆	7
李斯丹妮	7
柯有纶	7
李承铉	7
元彬	7
黄柏文	7
克拉克	7
魏鹤龄	7
尚格	7
全智贤	7
公方明	7
关山	7
布洛林	7
林子善	7
玉木宏	7
托布罗斯基	7
冯克安	7
包小柏	7
黄家驹	7
冯文娟	7
史蒂文森	7
冯砾	7
敖犬	7
思漩	7
高成龙	7
华少	7
布莱德利	7
叶子楣	7
郑文雅	7
山口胜平	7
卢克	7
蔡洁	7
刘姝含	7
刘宇珽	7
麦浚龙	7
杰西卡	7
海尼	7
瑞茜	7
朱孝天	7
刘智泰	7
言承旭	7
威廉姆斯	7
威瑟斯彭	7
金鑫	7
舒耀宣	7
孔维	7
武艺	7
长泽雅美	7
陈数	7
马元	7
唐振刚	7
杨坤	7
高仓健	7
贾伟	7
韩兆	7
阿雅	7
罗京民	7
商侃	7
陈嘉桦	7
古月	7
戚九洲	7
安东尼	7
林允	7
张悦轩	7
木村拓哉	7
吕晓禾	7
赵柯	7
周德华	7
张敬轩	7
晋松	7
周文彬	7
曾珮瑜	7
常蓝天	7
吴日言	7
贺军翔	7
温锡莹	7
释延能	7
费斯	7
张云龙	7
景岗山	7
洪学敏	7
洪欣	7
张哲浩	7
杰曼	7
楼学贤	7
陶典	7
吴映洁	7
张秉君	7
顾莉雅	7
陈百强	7
爱新觉罗	7
施思	7
莫绮雯	7
张歆艺	7
周泓	7
张正中	7
王渝文	7
叶静	7
艾森伯格	7
赵路	7
林原惠美	7
启星	7
姜广涛	7
阮小仪	7
陈逸宁	7
王李丹妮	7
高伟光	7
林俊杰	7
许安安	7
王婷	7
姜秀琼	7
李程彬	7
徐冬冬	7
豪尔	7
杨舒婷	7
钟淑慧	8
何佩瑜	8
宋轶	8
黄贯中	8
夏春秋	8
夏梓桐	8
宝木中阳	8
金范	8
朱芷莹	8
大s	8
何美钿	8
吴卫东	8
盖丽丽	8
林嘉华	8
陈天星	8
天心	8
黄维德	8
松坂庆子	8
侯孝贤	8
奥斯汀	8
朱璇	8
项堃	8
常远	8
陈羽凡	8
托尼	8
吴家骧	8
成康	8
莫娜汉	8
小小志	8
元德	8
黄明	8
黄斌	8
尚语贤	8
伍宇娟	8
冯勉恒	8
白彪	8
黄宏	8
敖磊	8
涂松岩	8
凌云	8
由立平	8
吴朋奉	8
李佳璇	8
张璇	8
尼克	8
朱江	8
李亦捷	8
李幼斌	8
杨群	8
孙敏	8
文森特	8
邱胜翊	8
郑欣宜	8
吴越	8
田雨	8
孙茜	8
王盛德	8
麦长青	8
吴震亚	8
赵丽蓉	8
朱莉娅	8
孟瑶	8
海瑟薇	8
陈明真	8
张彤	8
金晨	8
林辰唏	8
王菀之	8
李锐	8
王佳佳	8
鲁特格尔	8
陈燃	8
木幡龙	8
郭追	8
范明	8
郑雷	8
萧淑慎	8
张捷	8
祝新运	8
朱宝意	8
王岳伦	8
刘镇伟	8
徐才根	8
强森	8
陈信宏	8
刘静怡	8
剧雪	8
张曦文	8
王子子	8
梁敏仪	8
朱铁和	8
罗德里格兹	8
马奎特	8
蒋小涵	8
高英轩	8
马天宇	8
周立波	8
周笔畅	8
班克斯	8
高盟杰	8
高山南	8
刘波	8
李艾	8
李珊珊	8
盖尔	8
李耕	8
维坎德	8
斯图尔特	8
哈尔	8
张致恒	8
豪瑟	8
丛珊	8
吉娜	8
戴维斯	8
尹航	8
王思懿	8
严翔	8
科尔	8
西田敏行	8
丹斯切尔	8
陈燕燕	8
牛群	8
金汉	8
西恩	8
安琥	8
杨紫彤	8
唐艺昕	8
李维嘉	8
钟嘉欣	8
赵雅芝	8
谢添	8
沈丹萍	8
戈治均	8
曹铎	8
果静林	8
赵恒多	8
李名炀	8
杜天皓	8
石维坚	8
李枫	8
秦卫东	8
孟祥龙	9
房思瑜	9
张梓琳	9
泰迪罗宾	9
费尔斯	9
张杰	9
隋棠	9
皇贞季	9
雷颂德	9
吴磊	9
霍建华	9
张少华	9
韩志	9
莫熙儿	9
瑞姆斯	9
朱亚文	9
朱利安	9
颖儿	9
张可颐	9
莱斯利	9
刘小微	9
刘循子墨	9
莱昂纳多	9
张伟	9
刘恺威	9
王琄	9
马志翔	9
马念先	9
马晓晴	9
郭子睿	9
付曼	9
詹森	9
库珀	9
赖利	9
朱琳	9
谭凯	9
董玮	9
帕特里克	9
高晓松	9
刘畊宏	9
楚原	9
伊利亚	9
刘纯燕	9
朱迪	9
布莱丹	9
刘芸	9
佐伊	9
布洛迪	9
秋瓷炫	9
蒙亭宜	9
杰克曼	9
焦俊艳	9
哈克曼	9
牛振华	9
加濑亮	9
李美惠	9
牛星丽	9
蔡一智	9
何赛飞	9
焦刚	9
崔健	9
赵亮	9
卢奇	9
商天娥	9
岑建勋	9
山崎和佳奈	9
许还山	9
石头	9
尹天照	9
李绮红	9
杨青	9
修睿	9
史密斯	9
江语晨	9
史蒂夫	9
黄树棠	9
渡部笃郎	9
林柏宏	9
黄韵诗	9
石锦航	9
安迪	9
程前	9
林峰	9
迪卡普里奥	9
道恩	9
吉恩	9
邓光荣	9
毛孩	9
邢佳栋	9
詹妮弗	9
管宗祥	9
徐曼华	9
陈司翰	9
陈嘉桓	9
林伟亮	9
彭敬慈	9
陈宝莲	9
谭笑	9
陈廷嘉	9
陈彦行	9
杨菲洋	9
张铎	9
舒耀瑄	9
金焰	9
陈烨	9
法斯宾德	9
冯粒	9
陈玉莲	9
曹卫宇	9
张子栋	9
曹可凡	9
阿兰	9
宋春丽	10
柳云龙	10
周楚楚	10
戚玉武	10
王豪	10
曹云金	10
克里斯蒂娜	10
马晓伟	10
贝坦尼	10
乌玛	10
蔡淑臻	10
国村隼	10
魏平澳	10
莱维特	10
乔纳森	10
车永莉	10
于和伟	10
史蒂文	10
张少怀	10
秦怡	10
齐芳	10
王耀庆	10
吴雨霏	10
宋慧乔	10
柄本明	10
张辛苑	10
陆剑明	10
吴樾	10
吴文伦	10
玛丽昂	10
陈亦飞	10
黎彼得	10
刘伟强	10
林源	10
沃克	10
朱梓骁	10
金世佳	10
田华	10
任颐	10
高登	10
王杰	10
蒋劲夫	10
汤宝如	10
伍德	10
黄家诺	10
白举纲	10
瑟曼	10
陈英明	10
马浴柯	10
沈威	10
歌迪亚	10
谭松韵	10
诗雅	10
朱咪咪	10
柯蓝	10
孔琳	10
李曼	10
石小满	10
迪丽热巴	10
吕秀菱	10
王莎莎	10
白灵	10
江美仪	10
胡可	10
方旭为	10
蒋雪鸣	10
俞飞鸿	10
徐正曦	10
牛萌萌	10
常晓阳	10
梅婷	10
洪天照	10
孟海	10
斯坦森	10
陈法拉	10
李克勤	10
猪哥亮	10
刘天佐	10
张继聪	10
成东日	10
刘一江	10
王青	10
杨淇	10
戚薇	10
陈子聪	10
格里森	11
李呈媛	11
许绍洋	11
汤米	11
于娜	11
褚峰	11
仲村亨	11
王龙威	11
袁成杰	11
杨丞琳	11
佐藤浩市	11
何冰	11
何政军	11
姜超	11
余少群	11
哈里森	11
孙坚	11
袁中方	11
孙道临	11
倪妮	11
孙飞虎	11
邓一君	11
黄沾	11
胡兵	11
方平	11
小肥	11
赵又廷	11
黄文慧	11
关楚耀	11
李美琪	11
比尔	11
江疏影	11
冼色丽	11
福特	11
盛君	11
邱林	11
李茏怡	11
石凉	11
李美慧	11
黄健玮	11
王子义	11
王诗龄	11
黄佩霞	11
黄伊汶	11
麦康纳	11
陈国坤	11
艾米	11
李丽华	11
鹿晗	11
卓韵芝	11
卢冠廷	11
张博	11
纪培慧	11
罗莽	11
古巨基	11
王凯韦	11
颜卓灵	11
王玉梅	11
吉姆	11
张元	11
吴佩慈	11
张大礼	11
吴千语	11
胡蝶	11
文卓	11
陈淑兰	11
张铁林	11
朱丽安	11
吴廷烨	11
吴建豪	11
吴慷仁	11
郭家铭	11
陈敬	11
张一白	11
吴莫愁	11
韩兰根	11
马苏	11
张建新	11
周晓鸥	11
罗仲谦	11
库尔特	11
汪禹	11
鞠萍	11
上官云珠	11
周觅	11
龚慈恩	11
毛俊杰	11
周韵	11
周骢	11
中井贵一	11
刘芮麟	12
田青	12
李宗翰	12
孟飞	12
倪淑君	12
柯有伦	12
恬妮	12
威尔金森	12
池内博之	12
李梦男	12
伍允龙	12
班嘉佳	12
王澜	12
骆应钧	12
李菁菁	12
姚笛	12
梁荣忠	12
林凤娇	12
汤盈盈	12
吴嘉龙	12
李菲儿	12
李强	12
林永健	12
汪洋	12
李倩	12
袁文康	12
诺顿	12
刘冬	12
宋洋	12
李欣汝	12
罗宾斯	12
李媛	12
亚当	12
大杉涟	12
爱德华	12
马羚	12
布里吉斯	12
郑爽	12
马书良	12
董勇	12
大岛由加利	12
井淼	12
达斯汀	12
马丽	12
罗嘉良	12
温心	12
刘昊然	12
周华健	12
夏凡	12
安圣基	12
纳豆	12
陈昭荣	12
魏一	12
斯特曼	12
万茜	12
西蒙	12
李贤宰	12
邓紫衣	12
金剛	12
李赛凤	12
霍夫曼	12
王啸坤	12
米雪	12
方皓玟	12
蒋璐霞	12
常盘贵子	12
刘婧荦	12
约瑟夫	12
顾美华	12
凯特	13
周显欣	13
谢婷婷	13
严屹宽	13
段钧豪	13
丽贝卡	13
卫诗雅	13
蔡瀚亿	13
周永恒	13
居文沛	13
黄坤玄	13
理查德	13
王静莹	13
比诺什	13
陈辉虹	13
李婷	13
杜玉明	13
杜奕衡	13
裘德	13
杜鹃	13
娜扎	13
矢野浩二	13
李秉宪	13
徐克	13
蒋勤勤	13
张艺兴	13
里维斯	13
陈加玲	13
郭凯敏	13
隋凯	13
刘孜	13
肖恩	13
拉塞尔	13
吴超	13
何洁	13
马伊琍	13
廖京生	13
郭金	13
高飞	13
余心恬	13
范晓萱	13
陈晓	13
王宁	13
朱丽叶	13
布莱恩	13
刘玉玲	13
韩童生	13
陈家乐	13
郭晋安	13
翟子陌	13
张颂文	13
傅艺伟	13
胡锦	13
江化霖	13
颜丙燕	13
胡静	13
潘斌龙	13
加西亚	13
桑德勒	13
林申	13
于谦	14
樊梅生	14
尼尔	14
龙方	14
郑雨盛	14
秦汉擂	14
乔振宇	14
郭书瑶	14
张馨予	14
于波	14
吕慧仪	14
李念	14
罗冠兰	14
黄日华	14
赵毅	14
亚当斯	14
付辛博	14
山新	14
任世官	14
张艺谋	14
马思纯	14
陈慧楼	14
陶玉玲	14
陈凯歌	14
王璐瑶	14
何云伟	14
邓萃雯	14
巩新亮	14
何晟铭	14
陈述	14
徐敏	14
徐洁儿	14
阮玲玉	14
刘家良	14
句号	14
克里斯蒂安	14
郭京飞	14
秦岚	14
林鹏	14
杰夫	14
王力宏	14
基努	14
基德曼	14
希里安	14
多布杰	14
吴念真	14
吴茵	14
宋晓英	14
郝邵文	14
托马斯	14
妮可	14
咏梅	14
黄霑	14
朱永棠	14
王仲欣	14
王伍福	14
范植伟	14
杰米	14
皮尔斯	14
李易峰	14
小小彬	14
白客	14
雷纳	15
胡大为	15
谈莉娜	15
赵立新	15
莫子仪	15
张铮	15
丁一	15
刘蓓	15
宋丹丹	15
陈静	15
林依轮	15
蔡振南	15
张世	15
童瑶	15
陈锦鸿	15
山姆	15
小田切让	15
林苑	15
妻夫木聪	15
丹尼尔	15
小罗伯特	15
释彦能	15
陈思诚	15
王子文	15
廖碧儿	15
欧弟	15
克鲁斯	15
唐尼	15
关晓彤	15
郭达	15
关智斌	15
任泉	15
郑希怡	15
惠天赐	15
李立群	15
张钧甯	15
安妮	16
张翼	16
周一围	16
于承惠	16
陆奕静	16
林园	16
伊丽莎白	16
郭品超	16
米歇尔	16
高志森	16
陈博正	16
张炜迅	16
张睿家	16
江珊	16
戎祥	16
邱岳峰	16
阚清子	16
金巧巧	16
赵小锐	16
艾伦	16
赖雅妍	16
李康生	16
韩朔	16
林聪	16
冯巩	16
孙佳君	16
宗华	16
朱时茂	16
赵英俊	16
刘之冰	16
王志刚	16
蒋梦婕	16
黄觉	16
刘佩琦	16
布莱克	16
黄伟文	16
石坚	16
季冠霖	16
刘畅	16
罗伯特	16
欧阳莎菲	16
王馥荔	16
李明	16
张子枫	16
张晋	16
陈炜	16
周柏豪	17
亚历克	17
琼斯	17
印小天	17
赵丹	17
乔什	17
徐子珊	17
谭卓	17
郎雄	17
祖丽晴	17
邵峰	17
郑祖	17
柯震东	17
林建明	17
程之	17
梁超	17
王菲	17
科林	17
古力娜扎	17
克里斯汀	17
王紫逸	17
张檬	17
容祖儿	17
杜宇航	17
李勤勤	17
李昕芸	17
蓝燕	17
温兆伦	17
钟发	17
陈欣健	17
罗志祥	17
赵娜	17
王景春	17
海一天	17
李沁	17
斯科特	17
李彩桦	17
苗可秀	17
朱雨辰	17
余皑磊	17
陈豪	17
艾丽娅	17
李扬	17
周慧敏	17
万绮雯	18
叶青	18
吴亦凡	18
丁嘉丽	18
于海	18
蒂姆	18
翟文斌	18
陈晓东	18
谢楠	18
韩雪	18
张亮	18
阿牛	18
杨爱瑾	18
张蓝心	18
杨贵媚	18
骆达华	18
凯恩	18
摩尔	18
香川照之	18
马丁	18
田蕊妮	18
黄圣依	18
傅声	18
童菲	18
李保田	18
高军	18
千叶真一	18
孙俪	18
袁姗姗	18
关宝慧	18
王砚辉	18
大鹏	18
关颖	18
安雅	18
墨菲	18
沈腾	18
喻恩泰	18
冯瓅	18
郎月婷	18
叶蕴仪	18
邓玉婷	19
谭小环	19
孙桂田	19
刘江	19
苏永康	19
张光北	19
元奎	19
黄小蕾	19
唐国强	19
胡晓光	19
董子健	19
林依晨	19
叶倩文	19
李光洁	19
魏宗万	19
周渝民	19
马修	19
罗美薇	19
杨立新	19
鲍德温	19
王传君	19
田亮	19
杰森	19
沃肯	19
黄卓玲	19
白冰	19
田俊	19
韩非	19
张默	19
陈瑾	20
黄璐	20
石兆琪	20
李易祥	20
庄思敏	20
高明	20
周丽淇	20
杨子姗	20
周韦彤	20
李小龙	20
陈志朋	20
杰瑞米	20
贝尔	20
潘粤明	20
陈湘琪	20
吕聿来	20
蒲巴甲	20
李滨	20
董立范	20
祖晴	20
倪虹洁	20
卢燕	20
克里斯托弗	20
李治廷	20
段博文	20
马精武	20
蓝正龙	20
岳云鹏	21
彼得	21
杨洋	21
林美秀	21
段奕宏	21
黄河	21
朱旭	21
王合喜	21
张英才	21
安以轩	21
李宇春	21
张榕容	21
吴军	21
詹姆斯	21
李若彤	21
热依扎	21
白鹰	21
岳小军	21
福克斯	21
李力持	21
周杰伦	21
官恩娜	21
麦嘉	21
梁颖	21
高鑫	21
刘诗诗	21
王一	21
赵丽颖	21
刘金山	22
陈伟霆	22
董洁	22
哈里斯	22
刘承俊	22
沙溢	22
王德顺	22
尹扬明	22
张瑜	22
钟欣桐	22
姚星彤	22
费因斯	22
林志玲	22
迪塞尔	22
张同祖	22
祖峰	22
林峯	22
冯小刚	22
谭俊彦	22
曾佩瑜	22
柯佳嬿	22
艾德	22
弗里曼	22
胡歌	22
尤勇	22
彭禺厶	22
张瑶	22
陈奕诗	22
方青卓	22
吕中	22
陈勋奇	23
阮经天	23
陆弈静	23
何华超	23
谢欣颖	23
傅彪	23
利智	23
林熙蕾	23
柯宇纶	23
郭晓东	23
陈赫	23
陈松勇	23
李乃文	23
梁小龙	23
赵涛	23
徐娇	23
唐宁	23
宋宁	23
程伊	23
梅芳	23
刘浩龙	24
李晓川	24
小沈阳	24
何家驹	24
刘冠成	24
锦荣	24
陈宝国	24
陈道明	24
田中千绘	24
拉尔夫	24
向华强	24
张文慈	24
张瑛	24
胡明	24
毕克	24
程东	24
李心洁	24
倪景阳	24
克里斯	24
林更新	24
刘威	24
孙越	24
安吉丽娜	25
金斯利	25
达蒙	25
李小冉	25
邹凯光	25
陈建斌	25
吴启华	25
邓碧云	25
夏文汐	25
威尔逊	25
王庆祥	25
倪大宏	25
高全胜	25
萨兰登	25
李绮虹	25
吴岱融	25
苏珊	25
释行宇	25
袁祥仁	25
郝劭文	25
关海山	25
摩根	25
赵有亮	25
黄宗泽	25
王双宝	25
吴秀波	26
薛家燕	26
陈国新	26
齐溪	26
郝蕾	26
张智尧	26
张翰	26
文章	26
叶全真	26
焦姣	26
肖央	26
刘羽琦	26
陈学冬	26
池珍熙	26
连晋	26
刘心悠	26
杨丽菁	26
于洋	27
徐熙媛	27
欧文	27
吴兴国	27
林海峰	27
薇姿	27
詹瑞文	27
张赫	27
赵奕欢	27
朱莉	27
斯嘉丽	27
谢依霖	27
杨志卿	27
冯远征	27
文咏珊	27
张磊	28
董成鹏	28
巴多	28
许晴	28
苗圃	28
吴中天	28
单立文	28
李彧	28
凤小岳	28
黄轩	28
吴毅将	28
王天林	28
张国柱	28
刘红韵	28
徐枫	28
孙兴	29
欧锦棠	29
郭碧婷	29
金刚	29
林国斌	29
梁洛施	29
窦骁	29
黄德斌	29
约翰逊	29
马特	29
袁泉	29
巫刚	29
熊欣欣	30
史派西	30
高虎	30
德帕迪约	30
蕾切尔	30
小宋佳	30
余安安	30
黄素影	30
杰拉尔	30
立威廉	30
计春华	31
李海生	31
林尚义	31
浅野忠信	31
邬君梅	31
龚蓓苾	31
林子祥	31
张超	31
张一山	31
赵本山	31
陈星	31
何炅	31
傅颖	31
冯宝宝	31
林晓峰	31
刘洋	31
叶玉卿	31
王莱	31
范文芳	31
白百何	31
林保怡	31
洪剑涛	31
吴宗宪	31
汤唯	32
雷恪生	32
焦恩俊	32
江希文	32
杜德伟	32
九孔	32
杰克	32
威利斯	32
江若琳	32
王珞丹	32
唐嫣	32
何杜娟	33
熊黛林	33
元秋	33
李香琴	33
李蕙敏	33
陈强	33
姜皓文	33
王凯	33
王太利	33
陈佩斯	33
叶璇	33
景甜	34
邓家佳	34
李琦	34
张琳	34
狄威	34
潘虹	34
张雨绮	34
马尔科维奇	34
莫小棋	35
刘雅瑟	35
刘松仁	35
凯文	35
恬妞	35
佟丽娅	35
蒋雯丽	35
田启文	35
伍咏薇	35
郑昊	36
谢君豪	36
周比利	36
赵文卓	36
徐天佑	37
王千源	37
闫妮	37
井莉	37
麦家琪	37
侯勇	37
刘家荣	37
钮承泽	37
彭波	38
那威	38
英达	38
石隽	38
熊乃瑾	38
许志安	38
保罗	39
刘晓庆	39
李梦	39
叶童	39
曾国祥	39
石天	39
张卫健	40
陈雅伦	40
李雪健	40
黄奕	40
沃尔伯格	40
李璨琛	40
周俊伟	41
谢园	41
陈乔恩	41
苗天	41
罗宾	41
乔任梁	42
陈意涵	42
尔冬升	42
泰迪	42
李威	42
赵文瑄	42
卢巧音	43
李健仁	43
陶虹	43
陈妍希	43
梁天	44
杨颖	44
归亚蕾	44
王柏杰	44
陈法蓉	44
伊能静	45
高雄	45
柳岩	45
汉克斯	45
许冠杰	45
德普	45
倪大红	45
涂黎曼	45
车婉婉	45
李美凤	46
吴志雄	46
迈克尔	46
刘仪伟	46
李丽丽	46
布鲁斯	46
李兆基	46
王刚	46
包贝尔	46
薛凯琪	46
成泰燊	46
许冠英	47
刘永	47
夏萍	47
金士杰	47
黄锦燊	47
梁静	48
周海媚	48
刘洵	48
张国立	48
关秀媚	48
吴京	48
吴刚	48
张译	48
马克	49
韩庚	49
奚美娟	49
郭德纲	49
黄一山	49
约翰尼	49
谢娜	50
何润东	50
林志颖	50
陈慧琳	50
吕丽萍	50
吴奇隆	51
谷祖琳	51
刘若英	51
温碧霞	51
李小璐	51
井柏然	52
邵音音	52
袁洁莹	52
田原	52
陈友	52
刘亦菲	52
范逸臣	52
林嘉欣	53
王姬	53
唐文龙	53
太保	53
邹兆龙	53
大卫	54
李冰冰	54
刘以达	54
陈龙	54
聂远	54
王宏伟	55
郑丹瑞	55
林俊贤	55
霍思燕	55
张国强	55
濮存昕	55
鲍起静	56
郑少秋	57
邓超	57
吴大维	57
张嘉译	58
邵兵	58
郑秀文	59
潘长江	59
洪天明	60
房祖名	61
柯俊雄	61
杨采妮	61
姜潮	62
桂纶镁	63
翁虹	63
吴辰君	63
王祖蓝	63
巩俐	64
徐静蕾	64
萧芳芳	65
黎姿	67
耿乐	67
余男	67
刘兆铭	67
高圆圆	68
姚晨	68
蔡少芬	68
郑裕玲	68
连凯	68
尹子维	69
王志文	69
方力申	70
黄子华	70
郭晓冬	70
董骠	71
黄浩然	71
周冬雨	72
李晨	72
汤镇业	72
杨祐宁	72
叶德娴	73
陈惠敏	74
森美	75
卢海鹏	75
王劲松	75
黄又南	75
秦汉	76
郑恺	76
杜海涛	76
陈冲	76
周文健	77
柯受良	77
王学兵	78
卢惠光	78
黄光亮	78
约翰	79
张坚庭	79
汤姆	80
杨佑宁	80
姜文	80
黄磊	80
张孝全	80
任达华​	81
秦昊	83
沈殿霞	83
郑佩佩	84
仲星火	84
冯绍峰	85
钟楚红	85
李嘉欣	85
岳华	86
瞿颖	87
田丰	88
苗侨伟	88
胡慧中	88
王迅	88
林威	89
廖凡	90
郭采洁	90
徐峥	92
姜武	92
何超仪	92
张丰毅	92
谷德昭	94
孙海英	94
曹达华	95
江一燕	96
谢天华	96
孙红雷	97
宁静	97
秦海璐	99
陈观泰	100
陆毅	100
钟汉良	101
牛犇	101
陶泽如	102
张柏芝	104
钟欣潼	105
乔宏	105
杨千嬅	108
范伟	109
许冠文	109
张兆辉	112
王晶	112
邵美琪	115
宋佳	116
冯德伦	120
徐帆	120
周秀娜	121
金燕玲	121
邓丽欣	122
任贤齐	128
彭于晏	130
佟大为	132
高捷	133
罗烈	134
王羽	135
安志杰	135
楼南光	136
钱小豪	137
戴立忍	138
陈冠希	138
林子聪	139
徐若瑄	139
庹宗华	141
杨幂	142
斯琴高娃	144
张涵予	145
赵薇	146
黄一飞	147
廖启智	147
林家栋	149
雷宇扬	151
钱嘉乐	153
钟丽缇	156
黄晓明	156
章子怡	156
苏有朋	156
李子雄	162
朱茵	164
冯淬帆	165
樊少皇	166
杨恭如	168
万梓良	170
吴耀汉	171
李菁	182
曹查理	182
梅艳芳	185
胡军	187
林心如	187
郑浩南	190
杨紫琼	190
毛舜筠	190
谭咏麟	191
李丽珍	192
释小龙	196
林青霞	197
黄百鸣	200
王学圻	201
王敏德	205
陈奕迅	207
徐少强	210
张震	211
应采儿	215
黎耀祥	215
张耀扬	218
刘家辉	218
胡枫	221
郭涛	230
陈柏霖	230
许绍雄	230
吕良伟	231
金城武	232
梁咏琪	237
刘桦	239
张静初	239
葛民辉	239
陈坤	240
吴家丽	246
张智霖	247
吴倩莲	248
郑则仕	248
谭耀文	249
张艾嘉	250
谢霆锋	264
元华	269
王宝强	274
姜大卫	277
郑中基	278
元彪	283
莫文蔚	286
谷峰	289
梁家仁	289
莫少聪	291
徐锦江	292
张家辉	293
罗兰	294
苑琼丹	301
钟镇涛	302
黄渤	310
李连杰	316
张敏	326
秦沛	338
黎明	343
刘烨	346
于荣光	347
关之琳	349
范冰冰	353
李修贤	367
成奎安	397
邱淑贞	399
葛优	412
惠英红	428
夏雨	436
林正英	446
蔡卓妍	451
周星驰	455
王祖贤	466
周迅	469
袁咏仪	473
甄子丹	474
张达明	475
郭富城	529
狄龙	530
李灿森	559
陈百祥	562
刘嘉玲	568
曾江	612
杜汶泽	612
罗家英	622
张学友	635
余文乐	658
吴彦祖	752
郑伊健	797
张国荣	798
张曼玉	804
方中信	891
陈小春	895
周润发	1038
刘青云	1100
成龙	1200
林雪	1237
洪金宝	1259
古天乐	1327
午马	1333
梁朝伟	1510
舒淇	1511
吴孟达	1939
吴君如	2208
吴镇宇	2322
梁家辉	2431
黄秋生	2687
任达华	3126
刘德华	4274
曾志伟	5999
